transaction_id,account_id,transaction_date,transaction_type,amount,currency,merchant_category,transaction_status,created_timestamp
T00000001,A000335,2026-09-19,FEE,3553.62,CAD,UTILITIES,REVERSED,2026-10-02 14:49:00
T00000002,A000186,2026-09-29,PAYMENT,2072.88,CAD,OTHER,POSTED,2026-10-01 23:15:00
T00000003,A000339,2026-09-17,TRANSFER,4702.48,CAD,UTILITIES,POSTED,2026-10-01 05:25:00
T00000004,A000053,2026-09-07,DEPOSIT,323.64,CAD,TRAVEL,POSTED,2026-10-01 12:33:00
T00000005,A000043,2026-09-07,PAYMENT,1315.95,USD,GROCERY,REVERSED,2026-10-02 07:15:00
T00000006,A000378,2026-09-19,PAYMENT,2218.59,CAD,FUEL,POSTED,2026-10-01 01:42:00
T00000007,A000183,2026-09-21,DEPOSIT,4321.88,CAD,OTHER,PENDING,2026-10-02 04:44:00
T00000008,A000277,2026-09-12,DEPOSIT,2956.2,CAD,UTILITIES,REVERSED,2026-10-02 11:30:00
T00000009,A000277,2026-09-15,DEPOSIT,4024.52,CAD,RESTAURANT,PENDING,2026-10-02 08:09:00
T00000010,A000156,2026-09-01,PAYMENT,5.46,CAD,RESTAURANT,PENDING,2026-10-02 17:00:00
T00000011,A000353,2026-10-02,DEPOSIT,4735.05,CAD,RESTAURANT,POSTED,2026-10-02 09:38:00
T00000012,A000119,2026-09-01,PAYMENT,2743.32,USD,RETAIL,REVERSED,2026-10-02 07:10:00
T00000013,A000367,2026-09-25,PAYMENT,4142.99,USD,RESTAURANT,POSTED,2026-10-02 20:15:00
T00000014,A000265,2026-09-18,TRANSFER,1426.96,CAD,TRAVEL,PENDING,2026-10-02 06:54:00
T00000015,A000036,2026-09-12,PURCHASE,687.44,USD,UTILITIES,REVERSED,2026-10-02 08:44:00
T00000016,A000319,2026-10-02,PURCHASE,943.01,CAD,FUEL,POSTED,2026-10-01 05:06:00
T00000017,A000145,2026-09-18,DEPOSIT,629.57,CAD,UTILITIES,POSTED,2026-10-01 02:09:00
T00000018,A000008,2026-10-02,DEPOSIT,1089.85,USD,RESTAURANT,REVERSED,2026-10-02 14:44:00
T00000019,A000017,2026-09-22,PAYMENT,405.71,CAD,GROCERY,PENDING,2026-10-02 02:34:00
T00000020,A000241,2026-09-12,WITHDRAWAL,965.0,CAD,OTHER,REVERSED,2026-10-01 03:49:00
T00000021,A000366,2026-09-16,DEPOSIT,1927.07,CAD,FUEL,POSTED,2026-10-01 14:47:00
T00000022,A000049,2026-09-14,TRANSFER,2366.76,USD,RESTAURANT,PENDING,2026-10-01 20:46:00
T00000023,A000022,2026-09-08,TRANSFER,1270.3,CAD,RESTAURANT,POSTED,2026-10-02 01:55:00
T00000024,A000342,2026-09-14,PAYMENT,4866.5,CAD,UTILITIES,REVERSED,2026-10-02 00:10:00
T00000025,A000142,2026-09-08,PAYMENT,1982.06,CAD,GROCERY,POSTED,2026-10-02 22:38:00
T00000026,A000080,2026-09-24,PAYMENT,3855.13,CAD,FUEL,REVERSED,2026-10-01 21:39:00
T00000027,A000174,2026-09-04,TRANSFER,303.58,CAD,FUEL,POSTED,2026-10-01 15:14:00
T00000028,A000163,2026-09-23,DEPOSIT,4028.6,CAD,UTILITIES,POSTED,2026-10-01 22:24:00
T00000029,A000184,2026-09-09,PURCHASE,1257.23,CAD,RETAIL,REVERSED,2026-10-02 17:44:00
T00000030,A000251,2026-09-13,FEE,2835.68,CAD,RESTAURANT,PENDING,2026-10-02 08:55:00
T00000031,A000307,2026-09-11,PAYMENT,349.04,CAD,RETAIL,PENDING,2026-10-02 17:23:00
T00000032,A000233,2026-09-01,FEE,3880.71,USD,RETAIL,POSTED,2026-10-01 19:54:00
T00000033,A000187,2026-09-16,PURCHASE,1606.87,USD,UTILITIES,REVERSED,2026-10-01 16:43:00
T00000034,A000255,2026-09-10,WITHDRAWAL,3067.13,CAD,RETAIL,PENDING,2026-10-01 03:33:00
T00000035,A000338,2026-09-05,PAYMENT,223.67,USD,FUEL,POSTED,2026-10-01 03:31:00
T00000036,A000099,2026-09-07,TRANSFER,163.93,USD,OTHER,REVERSED,2026-10-02 16:39:00
T00000037,A000360,2026-09-17,PAYMENT,250.18,CAD,TRAVEL,POSTED,2026-10-01 06:41:00
T00000038,A000252,2026-09-06,TRANSFER,2342.96,USD,GROCERY,PENDING,2026-10-02 11:50:00
T00000039,A000363,2026-09-04,WITHDRAWAL,4119.1,CAD,TRAVEL,POSTED,2026-10-01 09:04:00
T00000040,A000111,2026-09-07,PAYMENT,510.62,USD,TRAVEL,REVERSED,2026-10-01 06:33:00
T00000041,A000337,2026-09-16,PAYMENT,2852.29,CAD,TRAVEL,REVERSED,2026-10-01 20:36:00
T00000042,A000184,2026-09-30,DEPOSIT,3514.24,CAD,GROCERY,POSTED,2026-10-01 17:25:00
T00000043,A000259,2026-09-22,FEE,3289.37,USD,TRAVEL,REVERSED,2026-10-02 10:35:00
T00000044,A000167,2026-09-24,TRANSFER,2064.65,CAD,RETAIL,PENDING,2026-10-01 18:34:00
T00000045,A000110,2026-09-25,TRANSFER,3829.71,CAD,RESTAURANT,PENDING,2026-10-02 14:25:00
T00000046,A000001,2026-09-03,FEE,4914.87,CAD,GROCERY,POSTED,2026-10-02 00:19:00
T00000047,A000114,2026-09-14,PURCHASE,4279.32,CAD,OTHER,PENDING,2026-10-01 03:02:00
T00000048,A000236,2026-09-23,WITHDRAWAL,784.75,CAD,RESTAURANT,POSTED,2026-10-01 08:51:00
T00000049,A000154,2026-09-06,FEE,2854.58,CAD,FUEL,POSTED,2026-10-02 15:11:00
T00000050,A000250,2026-09-07,WITHDRAWAL,2978.18,CAD,GROCERY,REVERSED,2026-10-01 01:58:00
T00000051,A000172,2026-09-23,DEPOSIT,4399.56,CAD,RETAIL,POSTED,2026-10-01 23:41:00
T00000052,A000309,2026-09-01,TRANSFER,3171.27,CAD,RETAIL,POSTED,2026-10-02 16:02:00
T00000053,A000164,2026-09-10,TRANSFER,1637.52,CAD,FUEL,POSTED,2026-10-01 21:46:00
T00000054,A000202,2026-09-29,FEE,3765.44,USD,TRAVEL,POSTED,2026-10-01 13:18:00
T00000055,A000202,2026-09-10,PURCHASE,665.28,USD,RETAIL,POSTED,2026-10-02 08:05:00
T00000056,A000205,2026-09-28,PAYMENT,3870.26,CAD,OTHER,POSTED,2026-10-02 17:12:00
T00000057,A000250,2026-09-26,PAYMENT,3262.98,CAD,TRAVEL,POSTED,2026-10-01 02:17:00
T00000058,A000221,2026-09-21,FEE,3425.27,USD,GROCERY,POSTED,2026-10-02 13:23:00
T00000059,A000179,2026-09-13,FEE,1607.09,CAD,UTILITIES,POSTED,2026-10-02 05:22:00
T00000060,A000316,2026-09-29,DEPOSIT,3117.79,CAD,GROCERY,POSTED,2026-10-01 21:23:00
T00000061,A000080,2026-09-06,PURCHASE,566.3,CAD,FUEL,POSTED,2026-10-02 00:21:00
T00000062,A000356,2026-09-08,DEPOSIT,1529.06,CAD,GROCERY,PENDING,2026-10-01 23:34:00
T00000063,A000109,2026-09-14,WITHDRAWAL,2734.39,USD,TRAVEL,REVERSED,2026-10-01 22:44:00
T00000064,A000343,2026-09-02,TRANSFER,1886.15,CAD,TRAVEL,POSTED,2026-10-02 05:03:00
T00000065,A000146,2026-09-13,FEE,3947.0,USD,RESTAURANT,POSTED,2026-10-02 20:00:00
T00000066,A000035,2026-09-25,TRANSFER,3303.56,CAD,OTHER,PENDING,2026-10-01 00:18:00
T00000067,A000333,2026-09-25,DEPOSIT,1159.69,USD,TRAVEL,POSTED,2026-10-02 15:55:00
T00000068,A000306,2026-09-06,FEE,936.15,CAD,RETAIL,POSTED,2026-10-01 07:59:00
T00000069,A000272,2026-09-20,DEPOSIT,1671.18,CAD,UTILITIES,POSTED,2026-10-01 11:43:00
T00000070,A000181,2026-09-23,PAYMENT,3128.03,CAD,TRAVEL,PENDING,2026-10-01 20:16:00
T00000071,A000199,2026-09-02,WITHDRAWAL,4720.96,CAD,FUEL,POSTED,2026-10-02 12:42:00
T00000072,A000071,2026-09-06,FEE,3650.8,CAD,UTILITIES,POSTED,2026-10-02 07:36:00
T00000073,A000079,2026-09-28,FEE,4852.83,USD,RESTAURANT,REVERSED,2026-10-01 06:41:00
T00000074,A000071,2026-09-13,WITHDRAWAL,4313.63,CAD,UTILITIES,POSTED,2026-10-02 04:41:00
T00000075,A000290,2026-09-11,FEE,1590.89,CAD,TRAVEL,POSTED,2026-10-01 10:53:00
T00000076,A000075,2026-09-02,DEPOSIT,3828.35,CAD,RETAIL,PENDING,2026-10-02 23:59:00
T00000077,A000327,2026-09-18,PAYMENT,764.03,CAD,GROCERY,POSTED,2026-10-01 00:48:00
T00000078,A000314,2026-09-18,FEE,3029.99,CAD,FUEL,POSTED,2026-10-01 21:01:00
T00000079,A000184,2026-09-06,DEPOSIT,3442.27,CAD,FUEL,REVERSED,2026-10-02 05:54:00
T00000080,A000199,2026-10-02,PAYMENT,2371.87,CAD,FUEL,POSTED,2026-10-01 13:48:00
T00000081,A000008,2026-09-18,PAYMENT,4751.24,USD,UTILITIES,POSTED,2026-10-01 02:11:00
T00000082,A000225,2026-10-02,DEPOSIT,3440.87,USD,FUEL,REVERSED,2026-10-02 01:38:00
T00000083,A000377,2026-09-25,DEPOSIT,3602.4,CAD,TRAVEL,POSTED,2026-10-01 14:29:00
T00000084,A000022,2026-09-16,DEPOSIT,2595.92,CAD,UTILITIES,POSTED,2026-10-02 16:48:00
T00000085,A000323,2026-09-04,DEPOSIT,953.3,CAD,RETAIL,PENDING,2026-10-02 14:10:00
T00000086,A000217,2026-09-19,PURCHASE,3067.61,CAD,UTILITIES,POSTED,2026-10-02 20:28:00
T00000087,A000047,2026-09-08,FEE,902.96,USD,UTILITIES,POSTED,2026-10-02 13:20:00
T00000088,A000231,2026-09-02,FEE,898.5,CAD,UTILITIES,POSTED,2026-10-02 02:16:00
T00000089,A000166,2026-09-11,PURCHASE,3593.28,CAD,GROCERY,POSTED,2026-10-02 20:23:00
T00000090,A000044,2026-09-25,FEE,3635.73,CAD,TRAVEL,POSTED,2026-10-02 17:24:00
T00000091,A000023,2026-09-11,FEE,4561.7,,OTHER,POSTED,2026-10-01 04:11:00
T00000092,A000365,2026-09-04,WITHDRAWAL,2100.81,USD,UTILITIES,REVERSED,2026-10-02 20:11:00
T00000093,A000061,2026-09-09,PURCHASE,4802.37,CAD,TRAVEL,PENDING,2026-10-01 14:31:00
T00000094,A000256,2026-09-01,DEPOSIT,3041.88,CAD,FUEL,POSTED,2026-10-02 14:26:00
T00000095,A000227,2026-09-06,PURCHASE,3008.08,CAD,FUEL,PENDING,2026-10-01 01:11:00
T00000096,A000076,2026-09-04,PURCHASE,3268.12,CAD,FUEL,POSTED,2026-10-02 10:58:00
T00000097,A000045,2026-09-04,PAYMENT,548.89,CAD,FUEL,PENDING,2026-10-01 14:47:00
T00000098,A000297,2026-09-24,PURCHASE,4657.74,CAD,OTHER,PENDING,2026-10-02 11:57:00
T00000099,A000195,2026-09-05,FEE,3793.42,USD,GROCERY,PENDING,2026-10-02 04:07:00
T00000100,A000356,2026-09-18,DEPOSIT,1649.4,CAD,TRAVEL,POSTED,2026-10-01 19:03:00
T00000101,A000056,2026-09-06,TRANSFER,2420.9,CAD,TRAVEL,PENDING,2026-10-02 19:54:00
T00000102,A000163,2026-09-17,FEE,2629.33,CAD,RESTAURANT,POSTED,2026-10-02 16:46:00
T00000103,A000324,2026-10-02,PAYMENT,2465.06,CAD,TRAVEL,POSTED,2026-10-02 06:00:00
T00000104,A000061,2026-09-02,PURCHASE,2327.1,CAD,UTILITIES,POSTED,2026-10-02 13:02:00
T00000105,A000171,2026-09-23,TRANSFER,2804.28,USD,FUEL,POSTED,2026-10-01 22:18:00
T00000106,A000131,2026-09-05,FEE,1542.32,CAD,TRAVEL,PENDING,2026-10-01 03:43:00
T00000107,A000171,2026-09-22,FEE,1983.27,USD,TRAVEL,POSTED,2026-10-01 06:21:00
T00000108,A000174,2026-10-01,PURCHASE,4581.23,CAD,UTILITIES,POSTED,2026-10-02 04:40:00
T00000109,A000236,2026-09-22,DEPOSIT,2315.04,CAD,UTILITIES,POSTED,2026-10-02 18:46:00
T00000110,A000348,2026-09-21,PURCHASE,2778.11,USD,FUEL,PENDING,2026-10-02 02:09:00
T00000111,A000144,2026-09-02,DEPOSIT,1699.07,USD,UTILITIES,POSTED,2026-10-02 05:38:00
T00000112,A000060,2026-09-20,WITHDRAWAL,3527.8,CAD,UTILITIES,POSTED,2026-10-02 13:05:00
T00000113,A000255,2026-09-16,WITHDRAWAL,1861.06,CAD,FUEL,PENDING,2026-10-01 03:23:00
T00000114,A000020,2026-09-13,DEPOSIT,4567.2,CAD,TRAVEL,POSTED,2026-10-02 16:09:00
T00000115,A000098,2026-09-22,TRANSFER,4618.57,CAD,OTHER,PENDING,2026-10-02 04:49:00
T00000116,A000051,2026-09-09,PURCHASE,1029.91,USD,RETAIL,REVERSED,2026-10-01 00:19:00
T00000117,A000023,2026-09-06,PURCHASE,1669.78,CAD,GROCERY,PENDING,2026-10-01 18:48:00
T00000118,A000160,2026-09-14,PAYMENT,1607.8,CAD,RESTAURANT,PENDING,2026-10-02 14:42:00
T00000119,A000061,2026-09-18,WITHDRAWAL,750.86,CAD,GROCERY,POSTED,2026-10-01 06:34:00
T00000120,A000180,2026-09-21,TRANSFER,1358.91,CAD,OTHER,PENDING,2026-10-01 05:04:00
T00000121,A000160,2026-09-22,PURCHASE,2705.18,CAD,FUEL,POSTED,2026-10-02 21:03:00
T00000122,A000055,2026-09-25,DEPOSIT,273.73,CAD,RETAIL,POSTED,2026-10-02 19:22:00
T00000123,A000160,2026-09-22,TRANSFER,4088.12,CAD,OTHER,POSTED,2026-10-02 18:08:00
T00000124,A000048,2026-09-30,WITHDRAWAL,490.83,CAD,UTILITIES,REVERSED,2026-10-02 07:14:00
T00000125,A000074,2026-09-17,DEPOSIT,4564.74,CAD,FUEL,PENDING,2026-10-02 14:31:00
T00000126,A000016,2026-09-05,WITHDRAWAL,2379.3,USD,RETAIL,REVERSED,2026-10-01 09:49:00
T00000127,A000179,2026-09-09,DEPOSIT,2542.21,CAD,OTHER,POSTED,2026-10-02 17:41:00
T00000128,A000037,2026-09-20,DEPOSIT,2666.06,USD,TRAVEL,REVERSED,2026-10-01 19:15:00
T00000129,A000281,2026-09-11,DEPOSIT,4869.59,USD,GROCERY,PENDING,2026-10-01 22:37:00
T00000130,A000221,2026-09-28,WITHDRAWAL,2838.22,USD,TRAVEL,POSTED,2026-10-01 21:42:00
T00000131,A000040,2026-10-02,FEE,576.04,USD,RETAIL,PENDING,2026-10-01 14:11:00
T00000132,A000158,2026-09-26,PURCHASE,352.69,USD,UTILITIES,REVERSED,2026-10-02 15:41:00
T00000133,A000339,2026-09-04,PAYMENT,457.21,CAD,TRAVEL,POSTED,2026-10-01 21:09:00
T00000134,A000232,2026-09-19,FEE,1952.96,CAD,RETAIL,POSTED,2026-10-01 21:56:00
T00000135,A000163,2026-09-20,TRANSFER,2853.53,CAD,RESTAURANT,REVERSED,2026-10-02 02:37:00
T00000136,A000005,2026-09-26,WITHDRAWAL,4238.95,USD,GROCERY,PENDING,2026-10-01 00:45:00
T00000137,A000287,2026-09-23,WITHDRAWAL,552.94,USD,OTHER,POSTED,2026-10-01 13:44:00
T00000138,A000303,2026-09-26,TRANSFER,3127.95,CAD,RETAIL,REVERSED,2026-10-02 13:34:00
T00000139,A000109,2026-09-12,PAYMENT,2376.98,USD,TRAVEL,REVERSED,2026-10-02 13:09:00
T00000140,A000148,2026-09-09,PURCHASE,675.72,USD,UTILITIES,POSTED,2026-10-01 23:56:00
T00000141,A000250,2026-09-28,PAYMENT,4875.0,CAD,GROCERY,POSTED,2026-10-02 14:57:00
T00000142,A000357,2026-09-28,DEPOSIT,3118.13,CAD,TRAVEL,REVERSED,2026-10-02 12:22:00
T00000143,A000116,2026-09-12,PURCHASE,2126.74,CAD,TRAVEL,REVERSED,2026-10-01 22:32:00
T00000144,A000138,2026-09-27,FEE,4633.19,USD,RESTAURANT,POSTED,2026-10-01 18:30:00
T00000145,A000361,2026-09-24,DEPOSIT,570.26,USD,UTILITIES,POSTED,2026-10-01 23:46:00
T00000146,A000270,2026-09-18,PURCHASE,2327.36,CAD,TRAVEL,POSTED,2026-10-01 15:40:00
T00000147,A000380,2026-09-05,FEE,3421.95,CAD,OTHER,PENDING,2026-10-01 10:34:00
T00000148,A000006,2026-10-01,DEPOSIT,2272.9,CAD,TRAVEL,PENDING,2026-10-02 11:51:00
T00000149,A000151,2026-09-19,TRANSFER,841.7,CAD,TRAVEL,PENDING,2026-10-02 01:40:00
T00000150,A000243,2026-09-11,TRANSFER,2866.44,CAD,RESTAURANT,POSTED,2026-10-02 15:05:00
T00000151,A000065,2026-09-05,WITHDRAWAL,4257.97,USD,RESTAURANT,POSTED,2026-10-02 08:54:00
T00000152,A000132,2026-09-01,FEE,3708.44,CAD,FUEL,POSTED,2026-10-02 11:51:00
T00000153,A000090,2026-09-17,PAYMENT,3913.73,CAD,RETAIL,POSTED,2026-10-01 10:05:00
T00000154,A000075,2026-09-10,DEPOSIT,4188.88,CAD,OTHER,REVERSED,2026-10-01 21:28:00
T00000155,A000372,2026-09-11,TRANSFER,1058.23,CAD,OTHER,PENDING,2026-10-01 20:16:00
T00000156,A000060,2026-09-04,DEPOSIT,842.16,CAD,RETAIL,PENDING,2026-10-02 23:48:00
T00000157,A000273,2026-09-15,TRANSFER,1902.1,CAD,RETAIL,REVERSED,2026-10-02 04:33:00
T00000158,A000223,2026-09-01,DEPOSIT,1447.52,CAD,RETAIL,PENDING,2026-10-01 03:58:00
T00000159,A000273,2026-09-23,DEPOSIT,4781.14,CAD,TRAVEL,PENDING,2026-10-02 08:17:00
T00000160,A000051,2026-09-17,DEPOSIT,3273.44,USD,RETAIL,POSTED,2026-10-01 16:21:00
T00000161,A000347,2026-09-12,PURCHASE,1569.78,CAD,UTILITIES,POSTED,2026-10-01 00:26:00
T00000162,A000051,2026-09-07,WITHDRAWAL,3429.07,USD,FUEL,PENDING,2026-10-02 06:02:00
T00000163,A000013,2026-09-06,FEE,289.13,CAD,UTILITIES,POSTED,2026-10-01 22:07:00
T00000164,A000045,2026-09-09,TRANSFER,1882.91,CAD,TRAVEL,POSTED,2026-10-01 22:11:00
T00000165,A000130,2026-09-19,PURCHASE,2337.44,USD,UTILITIES,REVERSED,2026-10-02 13:44:00
T00000166,A000342,2026-09-21,PURCHASE,1290.4,CAD,RESTAURANT,POSTED,2026-10-02 12:21:00
T00000167,A000031,2026-09-17,WITHDRAWAL,4778.25,USD,FUEL,REVERSED,2026-10-01 15:59:00
T00000168,A000103,2026-09-26,DEPOSIT,896.32,CAD,GROCERY,POSTED,2026-10-02 06:39:00
T00000169,A000330,2026-09-07,TRANSFER,4563.48,CAD,RESTAURANT,POSTED,2026-10-01 02:04:00
T00000170,A000293,2026-09-17,PURCHASE,3887.3,USD,RETAIL,POSTED,2026-10-01 01:42:00
T00000171,A000200,2026-09-18,WITHDRAWAL,762.28,CAD,RETAIL,POSTED,2026-10-02 15:27:00
T00000172,A000207,2026-09-05,PURCHASE,2702.94,USD,RETAIL,REVERSED,2026-10-01 18:34:00
T00000173,A000184,2026-09-22,DEPOSIT,3410.77,CAD,GROCERY,POSTED,2026-10-02 17:54:00
T00000174,A000175,2026-09-06,WITHDRAWAL,4206.7,CAD,UTILITIES,POSTED,2026-10-01 17:02:00
T00000175,A000197,2026-09-13,DEPOSIT,1497.86,CAD,GROCERY,PENDING,2026-10-02 02:56:00
T00000176,A000324,2026-09-29,PAYMENT,3677.94,CAD,GROCERY,POSTED,2026-10-01 23:37:00
T00000177,A000123,2026-10-02,FEE,1946.89,CAD,UTILITIES,PENDING,2026-10-02 17:53:00
T00000178,A000231,2026-09-02,PURCHASE,190.03,CAD,RESTAURANT,POSTED,2026-10-02 03:13:00
T00000179,A000335,2026-09-30,FEE,4700.75,CAD,FUEL,POSTED,2026-10-01 01:47:00
T00000180,A000073,2026-10-02,DEPOSIT,3270.89,USD,TRAVEL,POSTED,2026-10-01 22:41:00
T00000181,A000067,2026-09-01,PURCHASE,865.38,CAD,RESTAURANT,POSTED,2026-10-02 19:10:00
T00000182,A000303,2026-09-05,PURCHASE,4089.91,CAD,GROCERY,REVERSED,2026-10-01 02:51:00
T00000183,A000104,2026-09-28,TRANSFER,1690.03,USD,UTILITIES,REVERSED,2026-10-02 03:43:00
T00000184,A000295,2026-09-09,PAYMENT,1611.34,USD,OTHER,POSTED,2026-10-01 10:04:00
T00000185,A000062,2026-09-18,DEPOSIT,710.48,CAD,FUEL,PENDING,2026-10-01 14:15:00
T00000186,A000298,2026-09-03,TRANSFER,671.19,CAD,TRAVEL,REVERSED,2026-10-01 00:56:00
T00000187,A000250,2026-09-06,PAYMENT,36.72,CAD,GROCERY,PENDING,2026-10-02 22:51:00
T00000188,A000244,2026-09-09,TRANSFER,1034.77,CAD,RESTAURANT,REVERSED,2026-10-02 07:11:00
T00000189,A000313,2026-09-03,TRANSFER,2983.38,USD,RETAIL,POSTED,2026-10-02 11:26:00
T00000190,A000003,2026-09-16,FEE,963.55,CAD,GROCERY,PENDING,2026-10-01 14:49:00
T00000191,A000321,2026-09-14,PAYMENT,1385.75,CAD,GROCERY,POSTED,2026-10-02 15:11:00
T00000192,A000082,2026-09-03,WITHDRAWAL,274.87,USD,RESTAURANT,POSTED,2026-10-02 08:21:00
T00000193,A000316,2026-09-30,TRANSFER,221.37,CAD,GROCERY,POSTED,2026-10-01 00:31:00
T00000194,A000264,2026-09-08,PAYMENT,358.94,CAD,UTILITIES,REVERSED,2026-10-02 13:12:00
T00000195,A000347,2026-09-21,PURCHASE,1154.17,CAD,RESTAURANT,POSTED,2026-10-01 07:47:00
T00000196,A000212,2026-09-13,PAYMENT,1880.78,CAD,GROCERY,REVERSED,2026-10-02 01:56:00
T00000197,A000224,2026-09-10,FEE,1084.74,CAD,RETAIL,POSTED,2026-10-02 11:08:00
T00000198,A000235,2026-09-13,WITHDRAWAL,3161.95,USD,FUEL,PENDING,2026-10-01 01:44:00
T00000199,A000292,2026-09-04,PURCHASE,1406.62,USD,OTHER,REVERSED,2026-10-02 13:10:00
T00000200,A000176,2026-09-15,FEE,4432.61,CAD,FUEL,POSTED,2026-10-01 02:26:00
T00000201,A000268,2026-10-02,PAYMENT,4311.68,CAD,TRAVEL,REVERSED,2026-10-02 08:00:00
T00000202,A000374,2026-09-28,PAYMENT,3682.21,CAD,FUEL,PENDING,2026-10-02 18:14:00
T00000203,A000303,2026-09-10,PURCHASE,4569.2,CAD,RETAIL,POSTED,2026-10-01 15:46:00
T00000204,A000259,2026-09-03,DEPOSIT,2131.36,USD,RETAIL,POSTED,2026-10-02 15:15:00
T00000205,A000043,2026-09-01,DEPOSIT,3467.33,USD,FUEL,POSTED,2026-10-02 09:15:00
T00000206,A000332,2026-09-06,TRANSFER,84.57,CAD,RESTAURANT,POSTED,2026-10-02 18:47:00
T00000207,A000299,2026-09-02,DEPOSIT,4882.22,CAD,OTHER,POSTED,2026-10-02 05:50:00
T00000208,A000190,2026-09-30,PURCHASE,3520.99,USD,OTHER,POSTED,2026-10-02 22:21:00
T00000209,A000272,2026-09-03,WITHDRAWAL,1486.47,CAD,UTILITIES,POSTED,2026-10-01 19:56:00
T00000210,A000172,2026-09-04,TRANSFER,2576.11,CAD,RESTAURANT,POSTED,2026-10-01 12:23:00
T00000211,A000239,2026-09-03,PAYMENT,1831.03,USD,UTILITIES,POSTED,2026-10-01 04:21:00
T00000212,A000123,2026-09-08,TRANSFER,3246.95,CAD,OTHER,POSTED,2026-10-01 10:22:00
T00000213,A000137,2026-09-28,PURCHASE,1389.34,CAD,RESTAURANT,PENDING,2026-10-02 15:32:00
T00000214,A000270,2026-09-08,FEE,2353.47,CAD,UTILITIES,PENDING,2026-10-02 19:23:00
T00000215,A000345,2026-09-05,DEPOSIT,945.83,USD,GROCERY,POSTED,2026-10-02 05:18:00
T00000216,A000040,2026-09-07,PURCHASE,828.01,USD,UTILITIES,POSTED,2026-10-02 04:55:00
T00000217,A000105,2026-09-02,TRANSFER,1469.38,CAD,TRAVEL,POSTED,2026-10-02 11:26:00
T00000218,A000228,2026-09-02,PURCHASE,1461.13,CAD,GROCERY,POSTED,2026-10-02 13:37:00
T00000219,A000176,2026-09-21,TRANSFER,2433.31,CAD,UTILITIES,REVERSED,2026-10-02 09:36:00
T00000220,A000068,2026-09-20,WITHDRAWAL,862.83,CAD,FUEL,REVERSED,2026-10-02 09:49:00
T00000221,A000025,2026-09-10,DEPOSIT,1768.84,USD,FUEL,POSTED,2026-10-02 05:11:00
T00000222,A000363,2026-09-10,PURCHASE,810.47,CAD,GROCERY,PENDING,2026-10-01 14:16:00
T00000223,A000190,2026-09-12,TRANSFER,1029.75,USD,GROCERY,PENDING,2026-10-02 04:23:00
T00000224,A000230,2026-09-11,PURCHASE,2670.55,USD,GROCERY,REVERSED,2026-10-02 04:29:00
T00000225,A000164,2026-09-10,TRANSFER,26.45,CAD,TRAVEL,PENDING,2026-10-02 15:57:00
T00000226,A000149,2026-09-10,TRANSFER,3998.88,CAD,RETAIL,PENDING,2026-10-01 23:30:00
T00000227,A000021,2026-09-09,PURCHASE,3391.65,USD,RESTAURANT,POSTED,2026-10-02 19:53:00
T00000228,A000113,2026-09-29,WITHDRAWAL,1790.18,CAD,GROCERY,POSTED,2026-10-01 08:12:00
T00000229,A000012,2026-09-06,DEPOSIT,2694.37,USD,UTILITIES,POSTED,2026-10-02 06:31:00
T00000230,A000163,2026-09-04,WITHDRAWAL,4542.69,CAD,RETAIL,POSTED,2026-10-02 11:24:00
T00000231,A000191,2026-09-01,WITHDRAWAL,1426.83,USD,RESTAURANT,REVERSED,2026-10-01 06:46:00
T00000232,A000228,2026-09-27,WITHDRAWAL,4019.41,CAD,FUEL,REVERSED,2026-10-02 04:53:00
T00000233,A000301,2026-09-06,WITHDRAWAL,722.48,CAD,RETAIL,PENDING,2026-10-01 18:48:00
T00000234,A000193,2026-09-06,TRANSFER,38.06,CAD,RESTAURANT,REVERSED,2026-10-01 17:29:00
T00000235,A000364,2026-09-09,DEPOSIT,1000.29,USD,RESTAURANT,REVERSED,2026-10-01 09:53:00
T00000236,A000300,2026-09-20,TRANSFER,2473.03,CAD,RETAIL,POSTED,2026-10-01 00:09:00
T00000237,A000135,2026-09-20,TRANSFER,4780.35,USD,RETAIL,POSTED,2026-10-02 13:11:00
T00000238,A000252,2026-09-16,WITHDRAWAL,147.07,USD,RETAIL,POSTED,2026-10-02 18:30:00
T00000239,A000290,2026-09-28,TRANSFER,4342.39,CAD,UTILITIES,REVERSED,2026-10-01 11:32:00
T00000240,A000376,2026-09-02,PAYMENT,4227.17,CAD,TRAVEL,POSTED,2026-10-01 10:29:00
T00000241,A000355,2026-09-09,PURCHASE,1790.14,CAD,RESTAURANT,PENDING,2026-10-02 20:58:00
T00000242,A000183,2026-09-04,FEE,1452.83,CAD,UTILITIES,POSTED,2026-10-01 20:11:00
T00000243,A000049,2026-09-11,WITHDRAWAL,2720.84,USD,OTHER,PENDING,2026-10-02 21:44:00
T00000244,A000353,2026-09-24,FEE,483.69,CAD,RESTAURANT,POSTED,2026-10-01 04:33:00
T00000245,A000145,2026-09-24,DEPOSIT,3895.15,CAD,RESTAURANT,POSTED,2026-10-01 06:09:00
T00000246,A000258,2026-09-15,FEE,4158.71,CAD,TRAVEL,POSTED,2026-10-02 14:58:00
T00000247,A000040,2026-09-08,PURCHASE,4095.13,USD,RETAIL,PENDING,2026-10-02 22:23:00
T00000248,A000072,2026-09-29,FEE,4449.18,CAD,TRAVEL,PENDING,2026-10-01 22:19:00
T00000249,A000015,2026-09-08,TRANSFER,1115.68,CAD,FUEL,POSTED,2026-10-02 04:13:00
T00000250,A000067,2026-09-06,PURCHASE,2126.9,CAD,GROCERY,POSTED,2026-10-02 13:02:00
T00000251,A000101,2026-09-07,TRANSFER,168.8,CAD,TRAVEL,POSTED,2026-10-02 03:58:00
T00000252,A000130,2026-09-03,TRANSFER,335.91,USD,GROCERY,POSTED,2026-10-01 19:13:00
T00000253,A000301,2026-09-13,WITHDRAWAL,927.99,CAD,GROCERY,POSTED,2026-10-01 23:17:00
T00000254,A000297,2026-09-23,FEE,1764.26,CAD,OTHER,POSTED,2026-10-01 03:52:00
T00000255,A000297,2026-09-01,TRANSFER,2646.55,CAD,FUEL,PENDING,2026-10-01 17:00:00
T00000256,A000372,2026-09-07,FEE,4621.54,CAD,OTHER,REVERSED,2026-10-02 22:37:00
T00000257,A000095,2026-09-29,PURCHASE,3369.26,CAD,FUEL,PENDING,2026-10-02 13:13:00
T00000258,A000264,2026-09-15,WITHDRAWAL,2040.85,CAD,GROCERY,REVERSED,2026-10-01 16:08:00
T00000259,A000254,2026-09-24,FEE,3525.13,USD,UTILITIES,POSTED,2026-10-01 10:31:00
T00000260,A000060,2026-09-25,FEE,1421.64,CAD,UTILITIES,PENDING,2026-10-02 07:35:00
T00000261,A000209,2026-09-19,DEPOSIT,4924.89,CAD,FUEL,POSTED,2026-10-02 21:23:00
T00000262,A000092,2026-09-01,DEPOSIT,4993.62,CAD,UTILITIES,POSTED,2026-10-02 14:33:00
T00000263,A000338,2026-09-06,DEPOSIT,600.49,USD,RETAIL,POSTED,2026-10-01 02:23:00
T00000264,A000102,2026-09-22,DEPOSIT,1005.32,CAD,GROCERY,POSTED,2026-10-02 23:31:00
T00000265,A000143,2026-09-18,TRANSFER,3782.73,CAD,RETAIL,PENDING,2026-10-02 21:38:00
T00000266,A000208,2026-10-02,PAYMENT,2559.52,CAD,OTHER,REVERSED,2026-10-01 03:16:00
T00000267,A000251,2026-10-02,PAYMENT,1157.95,CAD,GROCERY,POSTED,2026-10-01 02:31:00
T00000268,A000348,2026-09-02,DEPOSIT,4860.5,USD,TRAVEL,PENDING,2026-10-01 09:39:00
T00000269,A000320,2026-09-07,TRANSFER,3802.06,CAD,OTHER,REVERSED,2026-10-02 06:18:00
T00000270,A000339,2026-10-02,WITHDRAWAL,2453.8,CAD,TRAVEL,PENDING,2026-10-01 01:27:00
T00000271,A000061,2026-09-25,DEPOSIT,2253.33,CAD,RETAIL,REVERSED,2026-10-01 01:11:00
T00000272,A000286,2026-09-20,PAYMENT,4424.08,USD,RETAIL,REVERSED,2026-10-01 09:45:00
T00000273,A000200,2026-10-02,FEE,3821.24,CAD,UTILITIES,REVERSED,2026-10-02 15:35:00
T00000274,A000081,2026-09-04,DEPOSIT,1959.97,CAD,TRAVEL,REVERSED,2026-10-02 09:20:00
T00000275,A000032,2026-09-02,PAYMENT,2954.36,USD,OTHER,PENDING,2026-10-02 23:37:00
T00000276,A000014,2026-09-22,DEPOSIT,1905.96,USD,RESTAURANT,PENDING,2026-10-02 11:03:00
T00000277,A000339,2026-09-16,TRANSFER,1241.83,CAD,RESTAURANT,POSTED,2026-10-01 09:07:00
T00000278,A000173,2026-09-11,WITHDRAWAL,103.46,USD,GROCERY,REVERSED,2026-10-02 18:32:00
T00000279,A000216,2026-09-18,DEPOSIT,106.91,CAD,TRAVEL,POSTED,2026-10-02 12:36:00
T00000280,A000200,2026-09-21,DEPOSIT,2864.83,CAD,GROCERY,POSTED,2026-10-02 15:32:00
T00000281,A000342,2026-09-22,WITHDRAWAL,837.3,CAD,RESTAURANT,REVERSED,2026-10-01 15:40:00
T00000282,A000039,2026-09-14,PURCHASE,1440.34,USD,RESTAURANT,REVERSED,2026-10-01 19:47:00
T00000283,A000048,2026-09-07,WITHDRAWAL,2961.36,CAD,GROCERY,REVERSED,2026-10-02 06:22:00
T00000284,A000040,2026-09-20,WITHDRAWAL,2525.67,USD,RETAIL,PENDING,2026-10-01 13:25:00
T00000285,A000129,2026-09-30,FEE,3359.44,CAD,FUEL,POSTED,2026-10-01 18:31:00
T00000286,A000110,2026-09-30,TRANSFER,1343.34,CAD,TRAVEL,REVERSED,2026-10-01 16:12:00
T00000287,A000187,2026-09-30,PAYMENT,742.98,USD,UTILITIES,PENDING,2026-10-02 13:20:00
T00000288,A000033,2026-09-14,WITHDRAWAL,4230.61,USD,OTHER,PENDING,2026-10-01 08:43:00
T00000289,A000308,2026-09-16,PURCHASE,2032.3,CAD,FUEL,POSTED,2026-10-01 07:51:00
T00000290,A000159,2026-09-30,DEPOSIT,2429.48,CAD,RETAIL,POSTED,2026-10-01 05:17:00
T00000291,A000070,2026-09-02,WITHDRAWAL,1295.69,CAD,UTILITIES,POSTED,2026-10-01 23:31:00
T00000292,A000011,2026-09-04,PURCHASE,4298.62,CAD,RESTAURANT,PENDING,2026-10-01 13:57:00
T00000293,A000187,2026-09-06,TRANSFER,1987.49,USD,OTHER,POSTED,2026-10-01 03:36:00
T00000294,A000377,2026-09-08,FEE,2612.18,CAD,OTHER,PENDING,2026-10-02 02:15:00
T00000295,A000308,2026-09-08,WITHDRAWAL,3867.09,CAD,RESTAURANT,REVERSED,2026-10-01 13:13:00
T00000296,A000074,2026-09-07,WITHDRAWAL,879.9,CAD,RETAIL,REVERSED,2026-10-02 18:03:00
T00000297,A000252,2026-09-24,PURCHASE,3499.59,USD,RESTAURANT,REVERSED,2026-10-02 21:15:00
T00000298,A000143,2026-09-10,TRANSFER,1818.18,CAD,RESTAURANT,PENDING,2026-10-01 20:57:00
T00000299,A000311,2026-09-03,TRANSFER,4208.16,USD,OTHER,POSTED,2026-10-01 08:35:00
T00000300,A000197,2026-09-20,TRANSFER,3196.55,CAD,RESTAURANT,POSTED,2026-10-01 14:24:00
T00000301,A000005,2026-09-26,WITHDRAWAL,4637.9,USD,RESTAURANT,POSTED,2026-10-01 09:13:00
T00000302,A000083,2026-09-29,TRANSFER,3158.61,CAD,RETAIL,POSTED,2026-10-02 02:52:00
T00000303,A000252,2026-10-01,WITHDRAWAL,3686.03,USD,UTILITIES,REVERSED,2026-10-01 05:44:00
T00000304,A000134,2026-09-05,FEE,1762.52,CAD,UTILITIES,PENDING,2026-10-02 22:01:00
T00000305,A000027,2026-09-12,TRANSFER,3152.63,CAD,FUEL,POSTED,2026-10-02 06:40:00
T00000306,A000157,2026-09-21,PURCHASE,2881.17,CAD,FUEL,POSTED,2026-10-01 19:43:00
T00000307,A000211,2026-09-21,TRANSFER,2260.19,CAD,FUEL,PENDING,2026-10-01 21:37:00
T00000308,A000168,2026-09-19,DEPOSIT,997.33,CAD,RESTAURANT,POSTED,2026-10-02 12:53:00
T00000309,A000293,2026-09-15,PURCHASE,108.57,USD,TRAVEL,POSTED,2026-10-01 14:12:00
T00000310,A000135,2026-09-11,FEE,253.67,USD,RETAIL,PENDING,2026-10-01 02:23:00
T00000311,A000088,2026-09-08,FEE,75.5,CAD,RETAIL,REVERSED,2026-10-02 03:14:00
T00000312,A000366,2026-09-14,WITHDRAWAL,956.77,CAD,RESTAURANT,REVERSED,2026-10-02 04:27:00
T00000313,A000106,2026-09-14,WITHDRAWAL,4976.06,USD,UTILITIES,POSTED,2026-10-02 05:26:00
T00000314,A000075,2026-09-02,WITHDRAWAL,1454.51,CAD,FUEL,REVERSED,2026-10-01 11:37:00
T00000315,A000351,2026-09-30,DEPOSIT,433.26,CAD,FUEL,PENDING,2026-10-02 21:13:00
T00000316,A000366,2026-09-25,TRANSFER,3543.72,CAD,TRAVEL,PENDING,2026-10-01 03:35:00
T00000317,A000031,2026-09-04,PAYMENT,1667.65,USD,RETAIL,PENDING,2026-10-01 00:16:00
T00000318,A000259,2026-09-25,DEPOSIT,1516.02,USD,UTILITIES,PENDING,2026-10-01 17:02:00
T00000319,A000298,2026-09-12,FEE,1305.16,CAD,RETAIL,PENDING,2026-10-02 04:05:00
T00000320,A000163,2026-09-28,PURCHASE,713.27,CAD,RESTAURANT,POSTED,2026-10-01 15:55:00
T00000321,A000144,2026-09-24,WITHDRAWAL,4631.55,USD,RESTAURANT,PENDING,2026-10-02 13:57:00
T00000322,A000085,2026-09-21,DEPOSIT,3685.66,USD,OTHER,POSTED,2026-10-02 01:12:00
T00000323,A000077,2026-09-04,PURCHASE,1153.15,USD,RETAIL,PENDING,2026-10-01 22:29:00
T00000324,A000224,2026-09-08,DEPOSIT,4976.03,CAD,GROCERY,REVERSED,2026-10-02 22:35:00
T00000325,A000249,2026-09-30,TRANSFER,2467.48,CAD,OTHER,POSTED,2026-10-01 11:05:00
T00000326,A000105,2026-09-19,PAYMENT,907.37,CAD,UTILITIES,PENDING,2026-10-01 18:00:00
T00000327,A000270,2026-09-12,PURCHASE,2085.01,CAD,FUEL,REVERSED,2026-10-01 10:01:00
T00000328,A000146,2026-09-08,FEE,1973.88,USD,GROCERY,PENDING,2026-10-01 00:05:00
T00000329,A000236,2026-10-01,WITHDRAWAL,2273.01,CAD,TRAVEL,POSTED,2026-10-02 01:41:00
T00000330,A000319,2026-09-29,TRANSFER,1627.95,CAD,UTILITIES,POSTED,2026-10-01 01:51:00
T00000331,A000330,2026-09-19,PURCHASE,1619.24,CAD,UTILITIES,POSTED,2026-10-02 02:25:00
T00000332,A000131,2026-09-12,DEPOSIT,1204.2,CAD,GROCERY,POSTED,2026-10-01 05:24:00
T00000333,A000207,2026-09-19,TRANSFER,3237.6,USD,FUEL,POSTED,2026-10-02 15:51:00
T00000334,A000222,2026-09-20,FEE,4519.15,CAD,FUEL,PENDING,2026-10-01 11:32:00
T00000335,A000103,2026-10-02,DEPOSIT,2229.98,CAD,RETAIL,PENDING,2026-10-02 02:48:00
T00000336,A000217,2026-09-24,DEPOSIT,3071.27,CAD,UTILITIES,REVERSED,2026-10-01 01:32:00
T00000337,A000175,2026-09-30,TRANSFER,3383.82,CAD,UTILITIES,POSTED,2026-10-02 16:40:00
T00000338,A000332,2026-09-06,DEPOSIT,1457.06,CAD,GROCERY,REVERSED,2026-10-02 04:08:00
T00000339,A000351,2026-09-20,FEE,4208.48,CAD,RETAIL,PENDING,2026-10-01 17:04:00
T00000340,A000024,2026-09-07,DEPOSIT,2555.7,USD,GROCERY,REVERSED,2026-10-02 11:16:00
T00000341,A000300,2026-09-06,PURCHASE,3844.39,CAD,GROCERY,REVERSED,2026-10-01 05:53:00
T00000342,A000202,2026-09-03,TRANSFER,421.04,USD,RESTAURANT,PENDING,2026-10-02 21:28:00
T00000343,A000320,2026-09-17,PAYMENT,1709.97,CAD,FUEL,POSTED,2026-10-01 23:38:00
T00000344,A000133,2026-09-07,PURCHASE,2171.83,CAD,GROCERY,REVERSED,2026-10-01 00:10:00
T00000345,A000336,2026-10-01,DEPOSIT,2303.51,CAD,OTHER,REVERSED,2026-10-02 19:52:00
T00000346,A000316,2026-09-24,TRANSFER,3454.86,CAD,UTILITIES,REVERSED,2026-10-02 02:08:00
T00000347,A000070,2026-09-01,PURCHASE,958.06,CAD,UTILITIES,POSTED,2026-10-01 06:30:00
T00000348,A000333,2026-09-10,DEPOSIT,3250.45,USD,OTHER,POSTED,2026-10-01 09:49:00
T00000349,A000238,2026-09-10,PURCHASE,2372.58,USD,GROCERY,POSTED,2026-10-01 23:44:00
T00000350,A000228,2026-10-02,DEPOSIT,2360.09,CAD,TRAVEL,POSTED,2026-10-01 09:36:00
T00000351,A000201,2026-09-04,PURCHASE,1672.58,CAD,UTILITIES,REVERSED,2026-10-02 15:47:00
T00000352,A000297,2026-09-19,DEPOSIT,189.9,CAD,RETAIL,REVERSED,2026-10-01 22:03:00
T00000353,A000271,2026-09-02,WITHDRAWAL,2112.91,CAD,TRAVEL,POSTED,2026-10-02 20:26:00
T00000354,A000243,2026-09-08,TRANSFER,2476.47,CAD,RESTAURANT,REVERSED,2026-10-02 00:10:00
T00000355,A000148,2026-09-13,DEPOSIT,2348.86,USD,FUEL,POSTED,2026-10-02 19:54:00
T00000356,A000367,2026-09-30,WITHDRAWAL,660.14,USD,UTILITIES,REVERSED,2026-10-02 21:41:00
T00000357,A000377,2026-09-24,PAYMENT,3980.88,CAD,TRAVEL,POSTED,2026-10-02 22:47:00
T00000358,A000045,2026-10-01,PAYMENT,649.84,CAD,FUEL,REVERSED,2026-10-01 13:31:00
T00000359,A000156,2026-09-16,PURCHASE,1051.12,CAD,GROCERY,PENDING,2026-10-02 11:43:00
T00000360,A000082,2026-09-12,FEE,4140.6,USD,GROCERY,POSTED,2026-10-02 13:07:00
T00000361,A000317,2026-09-15,PAYMENT,607.84,CAD,RETAIL,PENDING,2026-10-02 11:49:00
T00000362,A000024,2026-09-18,TRANSFER,4482.11,USD,OTHER,POSTED,2026-10-01 14:51:00
T00000363,A000235,2026-09-08,FEE,4873.43,USD,TRAVEL,POSTED,2026-10-01 16:06:00
T00000364,A000086,2026-09-08,WITHDRAWAL,4354.99,USD,FUEL,PENDING,2026-10-02 16:31:00
T00000365,A000376,2026-09-07,WITHDRAWAL,775.71,CAD,RESTAURANT,POSTED,2026-10-01 06:28:00
T00000366,A000213,2026-09-01,DEPOSIT,1230.35,CAD,RESTAURANT,PENDING,2026-10-01 02:17:00
T00000367,A000191,2026-09-27,TRANSFER,1806.41,USD,FUEL,POSTED,2026-10-02 07:08:00
T00000368,A000220,2026-09-27,DEPOSIT,4590.51,CAD,OTHER,PENDING,2026-10-01 14:09:00
T00000369,A000006,2026-09-05,WITHDRAWAL,428.47,CAD,RETAIL,POSTED,2026-10-02 01:25:00
T00000370,A000019,2026-09-10,PURCHASE,4513.04,USD,UTILITIES,PENDING,2026-10-02 12:56:00
T00000371,A000349,2026-09-20,WITHDRAWAL,3609.15,USD,RESTAURANT,POSTED,2026-10-02 16:39:00
T00000372,A000076,2026-09-26,PAYMENT,2233.71,CAD,TRAVEL,REVERSED,2026-10-02 20:25:00
T00000373,A000102,2026-09-20,FEE,425.98,CAD,RESTAURANT,REVERSED,2026-10-01 16:34:00
T00000374,A000146,2026-09-14,FEE,468.63,USD,RESTAURANT,PENDING,2026-10-01 00:01:00
T00000375,A000277,2026-09-17,WITHDRAWAL,1210.49,CAD,UTILITIES,REVERSED,2026-10-01 23:03:00
T00000376,A000191,2026-09-17,WITHDRAWAL,3136.81,USD,GROCERY,POSTED,2026-10-01 14:19:00
T00000377,A000294,2026-09-01,PAYMENT,2268.47,CAD,OTHER,POSTED,2026-10-02 09:18:00
T00000378,A000342,2026-09-09,FEE,3573.18,CAD,UTILITIES,POSTED,2026-10-01 10:33:00
T00000379,A000299,2026-09-13,WITHDRAWAL,4115.1,CAD,RETAIL,POSTED,2026-10-01 22:27:00
T00000380,A000211,2026-09-06,DEPOSIT,465.78,CAD,FUEL,REVERSED,2026-10-01 14:04:00
T00000381,A000190,2026-09-26,FEE,2943.26,USD,OTHER,REVERSED,2026-10-02 18:31:00
T00000382,A000326,2026-09-28,TRANSFER,4982.58,CAD,RETAIL,REVERSED,2026-10-01 04:32:00
T00000383,A000066,2026-10-02,PAYMENT,3557.2,CAD,UTILITIES,POSTED,2026-10-01 14:30:00
T00000384,A000017,2026-09-11,WITHDRAWAL,4720.63,CAD,GROCERY,REVERSED,2026-10-01 03:23:00
T00000385,A000293,2026-09-19,PAYMENT,206.21,USD,GROCERY,PENDING,2026-10-02 11:19:00
T00000386,A000151,2026-10-02,PAYMENT,144.75,CAD,FUEL,REVERSED,2026-10-01 09:56:00
T00000387,A000146,2026-09-14,TRANSFER,919.47,USD,RETAIL,POSTED,2026-10-01 17:22:00
T00000388,A000035,2026-09-03,FEE,2090.79,CAD,RESTAURANT,REVERSED,2026-10-02 12:30:00
T00000389,A000369,2026-09-09,FEE,3810.95,CAD,UTILITIES,REVERSED,2026-10-02 21:28:00
T00000390,A000077,2026-09-21,FEE,451.13,USD,UTILITIES,REVERSED,2026-10-02 07:57:00
T00000391,A000203,2026-09-22,TRANSFER,2707.27,CAD,RETAIL,PENDING,2026-10-01 05:45:00
T00000392,A000013,2026-09-20,PURCHASE,2807.42,CAD,UTILITIES,POSTED,2026-10-01 19:34:00
T00000393,A000296,2026-09-04,FEE,4786.68,CAD,FUEL,REVERSED,2026-10-01 03:42:00
T00000394,A000273,2026-09-12,WITHDRAWAL,4812.07,CAD,OTHER,POSTED,2026-10-01 22:53:00
T00000395,A000297,2026-09-29,FEE,427.82,CAD,TRAVEL,PENDING,2026-10-02 18:02:00
T00000396,A000252,2026-09-02,PAYMENT,1703.08,USD,RETAIL,POSTED,2026-10-02 12:16:00
T00000397,A000047,2026-09-08,FEE,4899.03,USD,FUEL,PENDING,2026-10-01 05:16:00
T00000398,A000046,2026-09-10,DEPOSIT,1537.44,CAD,UTILITIES,POSTED,2026-10-01 19:20:00
T00000399,A000093,2026-09-02,WITHDRAWAL,3567.94,CAD,RETAIL,POSTED,2026-10-02 04:26:00
T00000400,A000166,2026-09-17,PURCHASE,1880.69,CAD,GROCERY,POSTED,2026-10-01 19:37:00
T00000401,A000122,2026-10-02,FEE,2545.56,CAD,RETAIL,POSTED,2026-10-02 01:20:00
T00000402,A000238,2026-09-27,PURCHASE,331.96,USD,RETAIL,POSTED,2026-10-01 08:35:00
T00000403,A000301,2026-09-07,FEE,1235.35,CAD,UTILITIES,POSTED,2026-10-02 18:26:00
T00000404,A000229,2026-09-06,FEE,4232.16,USD,FUEL,POSTED,2026-10-02 17:10:00
T00000405,A000126,2026-09-28,FEE,4806.95,USD,RETAIL,POSTED,2026-10-01 14:53:00
T00000406,A000318,2026-09-19,PAYMENT,3267.03,USD,GROCERY,POSTED,2026-10-02 08:38:00
T00000407,A000129,2026-09-25,TRANSFER,4996.21,CAD,FUEL,PENDING,2026-10-01 05:47:00
T00000408,A000274,2026-09-05,DEPOSIT,1506.69,USD,UTILITIES,POSTED,2026-10-01 23:35:00
T00000409,A000144,2026-09-28,FEE,1058.2,USD,OTHER,PENDING,2026-10-02 20:16:00
T00000410,A000363,2026-09-29,TRANSFER,1368.7,CAD,RESTAURANT,PENDING,2026-10-01 14:38:00
T00000411,A000169,2026-09-02,PAYMENT,4570.52,CAD,UTILITIES,POSTED,2026-10-02 00:57:00
T00000412,A000005,2026-09-12,TRANSFER,2068.75,USD,UTILITIES,REVERSED,2026-10-02 17:05:00
T00000413,A000333,2026-09-05,PURCHSE,2695.55,USD,RETAIL,POSTED,2026-10-02 12:52:00
T00000414,A000308,2026-09-23,TRANSFER,1936.82,CAD,GROCERY,POSTED,2026-10-02 11:59:00
T00000415,A000099,2026-09-29,TRANSFER,51.77,USD,GROCERY,PENDING,2026-10-02 06:05:00
T00000416,A000315,2026-09-20,PAYMENT,4043.03,USD,FUEL,REVERSED,2026-10-02 01:17:00
T00000417,A000253,2026-09-14,TRANSFER,40.64,CAD,RETAIL,POSTED,2026-10-02 18:32:00
T00000418,A000253,2026-09-11,TRANSFER,2761.17,CAD,UTILITIES,POSTED,2026-10-01 18:08:00
T00000419,A000034,2026-09-09,FEE,1301.82,CAD,OTHER,POSTED,2026-10-02 06:54:00
T00000420,A000348,2026-09-02,TRANSFER,4959.8,USD,UTILITIES,PENDING,2026-10-02 00:27:00
T00000421,A000329,2026-09-04,WITHDRAWAL,4270.03,CAD,RETAIL,REVERSED,2026-10-02 03:43:00
T00000422,A000266,2026-09-30,FEE,2480.4,CAD,OTHER,POSTED,2026-10-01 01:17:00
T00000423,A000216,2026-09-29,DEPOSIT,1584.63,CAD,FUEL,PENDING,2026-10-01 18:51:00
T00000424,A000013,2026-09-15,DEPOSIT,4890.59,CAD,GROCERY,POSTED,2026-10-01 05:21:00
T00000425,A000160,2026-09-05,PURCHASE,3131.84,CAD,GROCERY,REVERSED,2026-10-02 00:37:00
T00000426,A000321,2026-09-22,PAYMENT,4203.34,CAD,GROCERY,REVERSED,2026-10-01 10:53:00
T00000427,A000028,2026-09-22,PAYMENT,2600.78,CAD,GROCERY,REVERSED,2026-10-01 20:28:00
T00000428,A000297,2026-09-08,PURCHASE,432.25,CAD,GROCERY,REVERSED,2026-10-02 22:04:00
T00000429,A000066,2026-09-04,DEPOSIT,4595.98,CAD,GROCERY,PENDING,2026-10-02 02:06:00
T00000430,A000347,2026-09-04,WITHDRAWAL,2798.49,CAD,OTHER,REVERSED,2026-10-02 03:39:00
T00000431,A000211,2026-09-15,TRANSFER,4323.59,CAD,TRAVEL,POSTED,2026-10-02 12:29:00
T00000432,A000220,2026-09-07,TRANSFER,1701.38,CAD,OTHER,POSTED,2026-10-02 16:21:00
T00000433,A000301,2026-09-13,PURCHASE,544.49,CAD,TRAVEL,POSTED,2026-10-01 18:08:00
T00000434,A000327,2026-09-17,DEPOSIT,1780.18,CAD,UTILITIES,REVERSED,2026-10-01 07:08:00
T00000435,A000023,2026-09-04,FEE,642.77,CAD,RETAIL,PENDING,2026-10-02 18:56:00
T00000436,A000278,2026-09-10,WITHDRAWAL,741.31,CAD,TRAVEL,PENDING,2026-10-02 11:00:00
T00000437,A000266,2026-09-10,FEE,291.3,CAD,OTHER,POSTED,2026-10-02 11:12:00
T00000438,A000103,2026-09-13,WITHDRAWAL,3927.39,CAD,FUEL,REVERSED,2026-10-02 19:44:00
T00000439,A000170,2026-09-22,DEPOSIT,3082.44,USD,RESTAURANT,POSTED,2026-10-01 14:56:00
T00000440,A000022,2026-10-02,PURCHASE,1100.93,CAD,UTILITIES,POSTED,2026-10-01 14:39:00
T00000441,A000110,2026-09-16,WITHDRAWAL,2406.33,CAD,OTHER,REVERSED,2026-10-01 12:11:00
T00000442,A000004,2026-09-24,WITHDRAWAL,54.41,CAD,GROCERY,POSTED,2026-10-01 09:28:00
T00000443,A000100,2026-09-24,PURCHASE,224.3,CAD,FUEL,POSTED,2026-10-02 05:14:00
T00000444,A000135,2026-09-12,FEE,1702.39,USD,FUEL,POSTED,2026-10-01 00:11:00
T00000445,A000135,2026-09-07,TRANSFER,109.86,USD,FUEL,REVERSED,2026-10-01 10:59:00
T00000446,A000108,2026-09-20,WITHDRAWAL,2283.74,CAD,OTHER,PENDING,2026-10-01 16:51:00
T00000447,A000320,2026-09-28,PURCHASE,4392.55,CAD,GROCERY,POSTED,2026-10-01 06:12:00
T00000448,A000273,2026-09-25,WITHDRAWAL,3473.3,CAD,TRAVEL,REVERSED,2026-10-01 01:48:00
T00000449,A000316,2026-09-13,WITHDRAWAL,4272.9,CAD,OTHER,POSTED,2026-10-02 07:03:00
T00000450,A000323,2026-09-18,FEE,4364.89,CAD,TRAVEL,REVERSED,2026-10-01 23:05:00
T00000451,A000241,2026-09-05,DEPOSIT,841.33,CAD,OTHER,PENDING,2026-10-02 16:29:00
T00000452,A000092,2026-09-21,FEE,3563.87,CAD,UTILITIES,REVERSED,2026-10-02 15:17:00
T00000453,A000298,2026-09-26,FEE,3192.34,CAD,UTILITIES,POSTED,2026-10-01 07:57:00
T00000454,A000104,2026-09-29,DEPOSIT,4316.53,USD,FUEL,PENDING,2026-10-02 12:36:00
T00000455,A000081,2026-09-24,PURCHASE,1276.37,CAD,FUEL,POSTED,2026-10-02 14:33:00
T00000456,A000181,2026-09-15,DEPOSIT,2921.89,CAD,TRAVEL,PENDING,2026-10-02 14:29:00
T00000457,A000222,2026-09-27,DEPOSIT,1840.72,CAD,RESTAURANT,PENDING,2026-10-02 00:11:00
T00000458,A000227,2026-09-15,PURCHASE,1331.8,CAD,RESTAURANT,POSTED,2026-10-02 16:32:00
T00000459,A000280,2026-09-06,PAYMENT,3930.44,CAD,GROCERY,POSTED,2026-10-01 11:02:00
T00000460,A000280,2026-09-13,TRANSFER,1672.12,CAD,RESTAURANT,PENDING,2026-10-02 23:52:00
T00000461,A000350,2026-09-18,FEE,957.26,CAD,FUEL,PENDING,2026-10-01 09:18:00
T00000462,A000178,2026-09-26,FEE,4729.35,CAD,OTHER,POSTED,2026-10-02 20:32:00
T00000463,A000077,2026-09-26,TRANSFER,1141.75,USD,UTILITIES,POSTED,2026-10-02 07:33:00
T00000464,A000301,2026-09-30,DEPOSIT,3613.94,CAD,RESTAURANT,POSTED,2026-10-02 06:27:00
T00000465,A000358,2026-09-27,DEPOSIT,1051.88,CAD,OTHER,POSTED,2026-10-02 04:36:00
T00000466,A000066,2026-09-20,PURCHASE,4717.05,CAD,RETAIL,PENDING,2026-10-02 07:26:00
T00000467,A000218,2026-09-26,TRANSFER,3815.39,CAD,TRAVEL,PENDING,2026-10-02 18:01:00
T00000468,A000291,2026-09-03,PAYMENT,4611.11,CAD,RESTAURANT,REVERSED,2026-10-02 06:25:00
T00000469,A000033,2026-09-25,PURCHASE,945.75,USD,RESTAURANT,REVERSED,2026-10-02 02:10:00
T00000470,A000054,2026-09-12,TRANSFER,165.14,USD,TRAVEL,REVERSED,2026-10-01 05:12:00
T00000471,A000036,2026-09-25,PAYMENT,1422.67,USD,RESTAURANT,POSTED,2026-10-02 01:23:00
T00000472,A000266,2026-09-01,DEPOSIT,863.27,CAD,RETAIL,POSTED,2026-10-01 04:34:00
T00000473,A000215,2026-10-01,DEPOSIT,3717.0,CAD,OTHER,POSTED,2026-10-01 06:19:00
T00000474,A000222,2026-10-01,FEE,798.11,CAD,RESTAURANT,POSTED,2026-10-02 08:12:00
T00000475,A000004,2026-09-10,DEPOSIT,2231.43,CAD,TRAVEL,POSTED,2026-10-02 18:56:00
T00000476,A000252,2026-09-30,PURCHASE,2316.16,USD,UTILITIES,POSTED,2026-10-02 20:56:00
T00000477,A000234,2026-09-23,TRANSFER,3503.08,CAD,OTHER,PENDING,2026-10-02 19:52:00
T00000478,A000090,2026-09-27,FEE,1249.43,CAD,UTILITIES,REVERSED,2026-10-02 12:58:00
T00000479,A000338,2026-09-12,PURCHASE,3494.12,USD,RETAIL,POSTED,2026-10-01 05:17:00
T00000480,A000322,2026-09-19,PURCHASE,3334.95,CAD,UTILITIES,POSTED,2026-10-02 13:48:00
T00000481,A000284,2026-09-08,PURCHASE,4976.61,USD,OTHER,POSTED,2026-10-02 13:28:00
T00000482,A000085,2026-09-17,PURCHASE,1040.82,USD,RETAIL,POSTED,2026-10-01 20:44:00
T00000483,A000346,2026-09-30,TRANSFER,1908.87,CAD,RETAIL,POSTED,2026-10-02 01:00:00
T00000484,A000129,2026-09-08,PAYMENT,3546.95,CAD,RESTAURANT,REVERSED,2026-10-02 14:04:00
T00000485,A000043,2026-09-16,DEPOSIT,3569.34,USD,FUEL,REVERSED,2026-10-02 05:10:00
T00000486,A000010,2026-09-07,PURCHASE,890.3,CAD,TRAVEL,REVERSED,2026-10-01 02:42:00
T00000487,A000006,2026-09-18,WITHDRAWAL,771.71,CAD,FUEL,POSTED,2026-10-01 21:34:00
T00000488,A000111,2026-09-29,TRANSFER,3485.23,USD,OTHER,POSTED,2026-10-02 22:19:00
T00000489,A000228,2026-09-04,PURCHASE,2993.04,CAD,OTHER,REVERSED,2026-10-01 07:23:00
T00000490,A000123,2026-09-13,DEPOSIT,461.48,CAD,GROCERY,POSTED,2026-10-02 06:43:00
T00000491,A000343,2026-09-05,PURCHASE,1106.74,CAD,OTHER,POSTED,2026-10-01 01:26:00
T00000492,A000263,2026-09-07,WITHDRAWAL,4079.04,CAD,TRAVEL,POSTED,2026-10-01 17:25:00
T00000493,A000220,2026-09-08,PURCHASE,1165.88,CAD,RESTAURANT,PENDING,2026-10-01 00:25:00
T00000494,A000335,2026-09-21,PAYMENT,64.85,CAD,RETAIL,POSTED,2026-10-01 21:52:00
T00000495,A000143,2026-09-24,PAYMENT,224.48,CAD,RETAIL,PENDING,2026-10-02 03:45:00
T00000496,A000275,2026-09-11,PURCHASE,1263.44,CAD,TRAVEL,PENDING,2026-10-02 21:59:00
T00000497,A000356,2026-09-09,TRANSFER,1663.57,CAD,OTHER,PENDING,2026-10-02 02:21:00
T00000498,A000010,2026-09-29,TRANSFER,1914.95,CAD,UTILITIES,POSTED,2026-10-01 07:01:00
T00000499,A000316,2026-09-08,TRANSFER,1547.7,CAD,RETAIL,POSTED,2026-10-01 01:08:00
T00000500,A000192,2026-10-02,PAYMENT,1486.59,CAD,RETAIL,POSTED,2026-10-01 07:59:00
T00000501,A000372,2026-09-29,WITHDRAWAL,3697.58,CAD,FUEL,PENDING,2026-10-02 20:50:00
T00000502,A000021,2026-09-27,WITHDRAWAL,3241.99,USD,OTHER,POSTED,2026-10-01 23:21:00
T00000503,A000176,2026-09-16,PURCHASE,1033.06,CAD,UTILITIES,POSTED,2026-10-01 19:55:00
T00000504,A000196,2026-09-21,TRANSFER,921.81,CAD,GROCERY,POSTED,2026-10-02 02:12:00
T00000505,A000027,2026-09-10,PAYMENT,4691.68,CAD,GROCERY,POSTED,2026-10-01 07:32:00
T00000506,A000041,2026-09-28,WITHDRAWAL,3626.32,CAD,FUEL,POSTED,2026-10-01 13:11:00
T00000507,A000311,2026-09-16,FEE,1518.99,USD,RETAIL,POSTED,2026-10-02 15:05:00
T00000508,A000185,2026-09-26,DEPOSIT,1891.7,USD,RETAIL,REVERSED,2026-10-02 04:52:00
T00000509,A000247,2026-09-02,DEPOSIT,3810.84,CAD,OTHER,POSTED,2026-10-02 19:34:00
T00000510,A000079,2026-09-12,DEPOSIT,1290.17,USD,RESTAURANT,REVERSED,2026-10-02 12:35:00
T00000511,A000311,2026-10-01,PAYMENT,364.34,USD,UTILITIES,REVERSED,2026-10-01 04:58:00
T00000512,A000098,2026-09-01,FEE,69.11,CAD,UTILITIES,PENDING,2026-10-02 12:59:00
T00000513,A000213,2026-09-26,WITHDRAWAL,4852.61,CAD,RETAIL,REVERSED,2026-10-02 20:37:00
T00000514,A000037,2026-09-27,PURCHASE,4425.57,USD,RETAIL,POSTED,2026-10-01 13:16:00
T00000515,A000370,2026-09-23,DEPOSIT,2550.49,CAD,UTILITIES,PENDING,2026-10-01 20:24:00
T00000516,A000218,2026-09-16,PURCHASE,-250.0,CAD,OTHER,PENDING,2026-10-01 22:42:00
T00000517,A000331,2026-09-10,DEPOSIT,1310.35,CAD,UTILITIES,POSTED,2026-10-02 07:38:00
T00000518,A000297,2026-09-11,PURCHASE,66.63,CAD,UTILITIES,REVERSED,2026-10-02 22:37:00
T00000519,A000042,2026-09-13,PAYMENT,4380.65,USD,OTHER,REVERSED,2026-10-02 22:19:00
T00000520,A000257,2026-09-25,TRANSFER,2932.47,CAD,RETAIL,POSTED,2026-10-01 20:36:00
T00000521,A000177,2026-09-10,PAYMENT,1348.76,CAD,UTILITIES,REVERSED,2026-10-02 00:10:00
T00000522,A000252,2026-09-01,TRANSFER,488.87,USD,RETAIL,REVERSED,2026-10-02 23:27:00
T00000523,A000088,2026-09-12,TRANSFER,1876.38,CAD,FUEL,POSTED,2026-10-02 05:32:00
T00000524,A000057,2026-09-29,PAYMENT,2837.63,CAD,FUEL,POSTED,2026-10-01 23:11:00
T00000525,A000099,2026-09-17,DEPOSIT,4914.82,USD,RETAIL,POSTED,2026-10-01 02:18:00
T00000526,A000044,2026-09-25,PURCHASE,627.78,CAD,RESTAURANT,POSTED,2026-10-01 15:31:00
T00000527,A000345,2026-09-07,WITHDRAWAL,52.49,USD,OTHER,POSTED,2026-10-01 03:13:00
T00000528,A000268,2026-09-01,FEE,1881.45,CAD,OTHER,PENDING,2026-10-02 15:48:00
T00000529,A000173,2026-09-28,TRANSFER,1686.07,USD,RESTAURANT,PENDING,2026-10-01 11:42:00
T00000530,A000205,2026-09-25,WITHDRAWAL,3055.99,CAD,OTHER,PENDING,2026-10-01 00:29:00
T00000531,A000358,2026-09-26,PAYMENT,3627.47,CAD,GROCERY,POSTED,2026-10-02 22:48:00
T00000532,A000128,2026-09-24,TRANSFER,2262.33,CAD,UTILITIES,REVERSED,2026-10-02 21:12:00
T00000533,A000002,2026-09-21,WITHDRAWAL,88.07,CAD,OTHER,POSTED,2026-10-02 21:28:00
T00000534,A000120,2026-10-02,FEE,2003.83,USD,OTHER,POSTED,2026-10-02 13:59:00
T00000535,A000244,2026-09-07,WITHDRAWAL,3672.72,CAD,TRAVEL,POSTED,2026-10-01 16:56:00
T00000536,A000293,2026-09-03,PURCHASE,643.67,USD,RESTAURANT,REVERSED,2026-10-01 14:07:00
T00000537,A000247,2026-09-16,PAYMENT,1220.56,CAD,OTHER,POSTED,2026-10-01 13:45:00
T00000538,A000015,2026-09-11,WITHDRAWAL,4645.37,CAD,RETAIL,PENDING,2026-10-01 23:16:00
T00000539,A000341,2026-10-01,TRANSFER,4757.76,CAD,GROCERY,POSTED,2026-10-02 02:50:00
T00000540,A000355,2026-09-22,FEE,4360.34,CAD,OTHER,POSTED,2026-10-02 12:58:00
T00000541,A000368,2026-09-25,FEE,3271.33,CAD,OTHER,REVERSED,2026-10-01 07:16:00
T00000542,A000060,2026-09-19,PURCHASE,442.96,CAD,RESTAURANT,POSTED,2026-10-01 18:23:00
T00000543,A000066,2026-09-21,FEE,4770.57,CAD,UTILITIES,POSTED,2026-10-02 01:37:00
T00000544,A000275,2026-09-13,DEPOSIT,4236.36,CAD,RESTAURANT,PENDING,2026-10-01 16:42:00
T00000545,A000309,2026-09-15,PURCHASE,537.4,CAD,TRAVEL,REVERSED,2026-10-02 04:52:00
T00000546,A000152,2026-09-15,DEPOSIT,2501.66,CAD,FUEL,PENDING,2026-10-01 23:42:00
T00000547,A000360,2026-09-03,WITHDRAWAL,2996.41,CAD,TRAVEL,POSTED,2026-10-02 22:36:00
T00000548,A000245,2026-09-14,TRANSFER,2477.65,CAD,RETAIL,POSTED,2026-10-02 04:52:00
T00000549,A000367,2026-09-14,PAYMENT,4241.11,USD,UTILITIES,POSTED,2026-10-01 15:46:00
T00000550,A000201,2026-09-20,TRANSFER,4922.03,CAD,OTHER,POSTED,2026-10-01 17:25:00
T00000551,A000173,2026-09-28,WITHDRAWAL,3391.1,USD,OTHER,REVERSED,2026-10-02 02:33:00
T00000552,A000373,2026-09-19,PAYMENT,1415.41,CAD,UTILITIES,REVERSED,2026-10-01 04:20:00
T00000553,A000298,2026-09-04,TRANSFER,4249.8,CAD,RESTAURANT,REVERSED,2026-10-01 18:08:00
T00000554,A000227,2026-10-01,PAYMENT,1458.95,CAD,FUEL,POSTED,2026-10-01 23:41:00
T00000555,A000005,2026-09-24,FEE,3631.16,USD,GROCERY,POSTED,2026-10-02 13:43:00
T00000556,A000087,2026-09-04,DEPOSIT,484.76,CAD,FUEL,POSTED,2026-10-01 16:41:00
T00000557,A000174,2026-09-28,TRANSFER,4848.79,CAD,UTILITIES,REVERSED,2026-10-01 01:07:00
T00000558,A000124,2026-09-26,TRANSFER,2445.69,CAD,TRAVEL,POSTED,2026-10-02 22:50:00
T00000559,A000344,2026-09-06,TRANSFER,3889.77,CAD,RETAIL,PENDING,2026-10-02 11:00:00
T00000560,A000062,2026-09-08,DEPOSIT,417.77,CAD,UTILITIES,POSTED,2026-10-01 18:36:00
T00000561,A000294,2026-10-01,TRANSFER,1372.26,CAD,GROCERY,POSTED,2026-10-02 15:41:00
T00000562,A000360,2026-09-28,PAYMENT,1495.32,CAD,GROCERY,PENDING,2026-10-01 22:58:00
T00000563,A000276,2026-09-12,TRANSFER,2029.63,CAD,GROCERY,REVERSED,2026-10-02 02:33:00
T00000564,A000300,2026-09-08,PAYMENT,3768.77,CAD,UTILITIES,POSTED,2026-10-01 19:44:00
T00000565,A000093,2026-09-01,WITHDRAWAL,2775.84,CAD,GROCERY,POSTED,2026-10-01 18:13:00
T00000566,A000335,2026-09-11,WITHDRAWAL,443.67,CAD,OTHER,POSTED,2026-10-01 03:32:00
T00000567,A000153,2026-09-24,PAYMENT,4831.55,CAD,RETAIL,POSTED,2026-10-01 09:02:00
T00000568,A000266,2026-09-19,DEPOSIT,3297.49,CAD,FUEL,REVERSED,2026-10-02 16:58:00
T00000569,A000181,2026-09-14,TRANSFER,3441.21,CAD,OTHER,POSTED,2026-10-01 01:12:00
T00000570,A000073,2026-09-20,PAYMENT,4281.15,USD,FUEL,POSTED,2026-10-02 08:08:00
T00000571,A000374,2026-09-28,WITHDRAWAL,376.43,CAD,RESTAURANT,REVERSED,2026-10-01 12:29:00
T00000572,A000043,2026-09-17,TRANSFER,3384.25,USD,FUEL,POSTED,2026-10-01 20:46:00
T00000573,A000138,2026-09-13,FEE,3573.65,USD,UTILITIES,POSTED,2026-10-02 04:20:00
T00000574,A000223,2026-09-25,FEE,134.42,CAD,FUEL,POSTED,2026-10-02 03:34:00
T00000575,A000057,2026-09-27,TRANSFER,334.47,CAD,GROCERY,PENDING,2026-10-02 08:09:00
T00000576,A000116,2026-09-18,DEPOSIT,54.27,CAD,FUEL,REVERSED,2026-10-01 03:11:00
T00000577,A000270,2026-09-20,DEPOSIT,2946.19,CAD,GROCERY,PENDING,2026-10-02 17:17:00
T00000578,A000312,2026-09-07,PAYMENT,4483.37,CAD,RESTAURANT,REVERSED,2026-10-01 11:51:00
T00000579,A000380,2026-09-26,PAYMENT,2386.93,CAD,RESTAURANT,POSTED,2026-10-01 21:08:00
T00000580,A000074,2026-09-25,WITHDRAWAL,2839.97,CAD,GROCERY,PENDING,2026-10-01 21:38:00
T00000581,A000215,2026-09-30,WITHDRAWAL,919.61,CAD,OTHER,REVERSED,2026-10-02 08:27:00
T00000582,A000267,2026-09-15,PURCHASE,1529.41,CAD,RESTAURANT,REVERSED,2026-10-02 02:40:00
T00000583,A000041,2026-09-05,PURCHASE,3651.12,CAD,FUEL,POSTED,2026-10-01 23:18:00
T00000584,A000284,2026-10-02,PURCHASE,4042.69,USD,RETAIL,POSTED,2026-10-02 15:32:00
T00000585,A000351,2026-09-08,FEE,2030.33,CAD,FUEL,POSTED,2026-10-02 22:34:00
T00000586,A000177,2026-09-16,TRANSFER,4971.14,CAD,OTHER,POSTED,2026-10-02 05:43:00
T00000587,A000269,2026-09-15,WITHDRAWAL,878.2,CAD,OTHER,POSTED,2026-10-02 01:27:00
T00000588,A000254,2026-09-25,PURCHASE,856.57,USD,RESTAURANT,POSTED,2026-10-01 09:19:00
T00000589,A000248,2026-09-19,PURCHASE,1327.43,CAD,UTILITIES,REVERSED,2026-10-01 09:59:00
T00000590,A000330,2026-09-03,FEE,4677.39,CAD,OTHER,REVERSED,2026-10-01 11:00:00
T00000591,A000316,2026-09-30,WITHDRAWAL,1646.12,CAD,GROCERY,POSTED,2026-10-02 23:11:00
T00000592,A000206,2026-09-23,DEPOSIT,49.27,CAD,RETAIL,POSTED,2026-10-01 16:32:00
T00000593,A000079,2026-09-27,DEPOSIT,623.59,USD,GROCERY,POSTED,2026-10-02 07:30:00
T00000594,A000203,2026-09-24,DEPOSIT,1499.93,CAD,FUEL,PENDING,2026-10-01 14:42:00
T00000595,A000225,2026-09-11,TRANSFER,703.67,USD,RETAIL,POSTED,2026-10-02 22:12:00
T00000596,A000057,2026-09-13,PAYMENT,1428.07,CAD,RETAIL,REVERSED,2026-10-02 01:10:00
T00000597,A000342,2026-09-13,TRANSFER,4742.14,CAD,RESTAURANT,POSTED,2026-10-02 15:35:00
T00000598,A000254,2026-09-09,DEPOSIT,1627.81,USD,TRAVEL,REVERSED,2026-10-01 03:06:00
T00000599,A000011,2026-09-09,FEE,781.93,CAD,GROCERY,POSTED,2026-10-01 21:53:00
T00000600,A000176,2026-09-28,TRANSFER,4882.31,CAD,GROCERY,REVERSED,2026-10-02 09:18:00
T00000601,A000249,2026-09-06,PAYMENT,3805.69,CAD,TRAVEL,POSTED,2026-10-01 07:17:00
T00000602,A000059,2026-09-17,PAYMENT,4971.31,CAD,UTILITIES,REVERSED,2026-10-01 15:45:00
T00000603,A000053,2026-09-12,FEE,947.4,CAD,UTILITIES,POSTED,2026-10-01 03:08:00
T00000604,A000206,2026-09-03,PAYMENT,1372.94,CAD,FUEL,REVERSED,2026-10-01 19:12:00
T00000605,A000047,2026-09-04,FEE,1904.86,USD,RESTAURANT,POSTED,2026-10-01 10:27:00
T00000606,A000246,2026-09-04,TRANSFER,2551.77,CAD,GROCERY,PENDING,2026-10-01 08:23:00
T00000607,A000144,2026-09-23,PAYMENT,3559.37,USD,RESTAURANT,POSTED,2026-10-01 01:00:00
T00000608,A000027,2026-09-21,DEPOSIT,1063.83,CAD,RESTAURANT,POSTED,2026-10-02 05:16:00
T00000609,A000252,2026-09-24,PURCHASE,1674.74,USD,GROCERY,POSTED,2026-10-01 10:23:00
T00000610,A000380,2026-09-24,FEE,3715.95,CAD,TRAVEL,PENDING,2026-10-01 20:17:00
T00000611,A000108,2026-09-25,PURCHASE,440.72,CAD,FUEL,POSTED,2026-10-01 18:58:00
T00000612,A000336,2026-09-13,DEPOSIT,968.67,CAD,GROCERY,POSTED,2026-10-02 09:46:00
T00000613,A000243,2026-09-13,PAYMENT,2670.12,CAD,GROCERY,POSTED,2026-10-01 13:35:00
T00000614,A000365,2026-09-17,FEE,4458.48,USD,RESTAURANT,PENDING,2026-10-02 20:45:00
T00000615,A000061,2026-09-28,DEPOSIT,343.2,CAD,TRAVEL,POSTED,2026-10-01 19:17:00
T00000616,A000357,2026-09-09,FEE,1451.83,CAD,GROCERY,POSTED,2026-10-02 15:43:00
T00000617,A000273,2026-09-05,FEE,831.76,CAD,RETAIL,REVERSED,2026-10-02 19:17:00
T00000618,A000106,2026-09-12,FEE,22.98,USD,FUEL,POSTED,2026-10-02 16:45:00
T00000619,A000369,2026-09-17,PAYMENT,1520.53,CAD,RESTAURANT,PENDING,2026-10-01 05:14:00
T00000620,A000024,2026-09-16,TRANSFER,1462.76,USD,FUEL,PENDING,2026-10-01 08:55:00
T00000621,A000027,2026-09-16,PAYMENT,4947.73,CAD,TRAVEL,POSTED,2026-10-01 20:22:00
T00000622,A000324,2026-09-24,TRANSFER,1626.19,CAD,TRAVEL,PENDING,2026-10-01 13:57:00
T00000623,A000314,2026-09-19,PURCHASE,1626.55,CAD,UTILITIES,POSTED,2026-10-02 07:46:00
T00000624,A000144,2026-09-12,PURCHASE,1283.66,USD,TRAVEL,POSTED,2026-10-02 20:16:00
T00000625,A000321,2026-09-14,PAYMENT,4085.15,CAD,RESTAURANT,PENDING,2026-10-01 18:40:00
T00000626,A000203,2026-09-10,TRANSFER,2233.05,CAD,UTILITIES,REVERSED,2026-10-02 04:57:00
T00000627,A000246,2026-09-06,DEPOSIT,2482.33,CAD,FUEL,POSTED,2026-10-01 18:31:00
T00000628,A000374,2026-09-12,PURCHASE,3239.58,CAD,RESTAURANT,POSTED,2026-10-01 12:43:00
T00000629,A000312,2026-09-13,PURCHASE,351.92,CAD,RETAIL,POSTED,2026-10-02 20:25:00
T00000630,A000052,2026-09-09,PURCHASE,3635.19,CAD,TRAVEL,POSTED,2026-10-02 12:01:00
T00000631,A000057,2026-09-01,TRANSFER,3818.41,CAD,GROCERY,POSTED,2026-10-01 02:17:00
T00000632,A000074,2026-09-01,PURCHASE,3963.04,CAD,OTHER,POSTED,2026-10-02 22:05:00
T00000633,A000104,2026-09-09,FEE,2404.73,USD,RETAIL,POSTED,2026-10-02 10:30:00
T00000634,A000080,2026-09-16,TRANSFER,284.1,CAD,RESTAURANT,POSTED,2026-10-01 01:06:00
T00000635,A000279,2026-09-19,DEPOSIT,517.32,CAD,FUEL,POSTED,2026-10-01 00:14:00
T00000636,A000219,2026-09-25,TRANSFER,741.15,CAD,RESTAURANT,POSTED,2026-10-02 21:56:00
T00000637,A000367,2026-09-08,PURCHASE,2461.64,USD,FUEL,POSTED,2026-10-02 11:04:00
T00000638,A000316,2026-09-22,PURCHASE,596.16,CAD,GROCERY,POSTED,2026-10-01 13:33:00
T00000639,A000172,2026-09-12,PAYMENT,3398.77,CAD,UTILITIES,PENDING,2026-10-02 11:56:00
T00000640,A000054,2026-09-18,TRANSFER,4581.59,USD,RESTAURANT,PENDING,2026-10-01 00:55:00
T00000641,A000077,2026-09-10,DEPOSIT,1604.68,USD,RETAIL,REVERSED,2026-10-01 03:36:00
T00000642,A000219,2026-09-18,WITHDRAWAL,727.62,CAD,FUEL,POSTED,2026-10-02 11:20:00
T00000643,A000254,2026-09-28,DEPOSIT,2409.04,USD,TRAVEL,PENDING,2026-10-01 20:58:00
T00000644,A000126,2026-09-25,DEPOSIT,2096.2,USD,TRAVEL,REVERSED,2026-10-01 12:05:00
T00000645,A000298,2026-09-27,TRANSFER,2637.09,CAD,OTHER,POSTED,2026-10-01 07:23:00
T00000646,A000002,2026-09-14,PURCHASE,4969.56,CAD,RESTAURANT,REVERSED,2026-10-01 03:03:00
T00000647,A000179,2026-09-24,PAYMENT,4244.51,CAD,RESTAURANT,REVERSED,2026-10-01 17:59:00
T00000648,A000216,2026-09-16,PAYMENT,1057.63,CAD,GROCERY,POSTED,2026-10-01 22:45:00
T00000649,A000074,2026-09-25,TRANSFER,3666.74,CAD,RETAIL,PENDING,2026-10-01 22:06:00
T00000650,A000340,2026-09-05,FEE,2386.75,CAD,OTHER,POSTED,2026-10-01 04:23:00
T00000651,A000073,2026-09-06,PURCHASE,1229.0,USD,TRAVEL,REVERSED,2026-10-01 05:30:00
T00000652,A000072,2026-09-20,TRANSFER,2353.57,CAD,RESTAURANT,REVERSED,2026-10-01 09:07:00
T00000653,A000080,2026-09-04,PURCHASE,4406.38,CAD,TRAVEL,POSTED,2026-10-01 00:25:00
T00000654,A000217,2026-09-30,WITHDRAWAL,2773.01,CAD,TRAVEL,PENDING,2026-10-01 13:59:00
T00000655,A000081,2026-09-18,FEE,4865.75,CAD,RETAIL,POSTED,2026-10-01 12:39:00
T00000656,A000029,2026-09-15,TRANSFER,1964.49,CAD,TRAVEL,POSTED,2026-10-02 15:20:00
T00000657,A000335,2026-09-26,PAYMENT,4137.13,CAD,GROCERY,PENDING,2026-10-02 06:17:00
T00000658,A000056,2026-09-07,FEE,393.65,CAD,OTHER,PENDING,2026-10-01 07:18:00
T00000659,A000084,2026-09-07,FEE,331.27,CAD,GROCERY,PENDING,2026-10-01 17:12:00
T00000660,A000327,2026-09-03,PURCHASE,1205.47,CAD,TRAVEL,POSTED,2026-10-02 01:03:00
T00000661,A000162,2026-09-06,PURCHASE,4717.83,CAD,RESTAURANT,PENDING,2026-10-02 16:12:00
T00000662,A000162,2026-09-26,PAYMENT,3629.81,CAD,UTILITIES,POSTED,2026-10-02 13:57:00
T00000663,A000380,2026-09-07,PAYMENT,2513.37,CAD,GROCERY,REVERSED,2026-10-02 18:55:00
T00000664,A000020,2026-09-19,TRANSFER,810.31,CAD,RETAIL,POSTED,2026-10-01 22:14:00
T00000665,A000111,2026-09-10,PAYMENT,3845.28,USD,TRAVEL,PENDING,2026-10-02 04:21:00
T00000666,A000149,2026-09-24,DEPOSIT,3119.24,CAD,GROCERY,REVERSED,2026-10-01 06:39:00
T00000667,A000311,2026-09-05,FEE,4790.29,USD,UTILITIES,REVERSED,2026-10-01 00:09:00
T00000668,A000159,2026-09-06,DEPOSIT,2497.07,CAD,RESTAURANT,POSTED,2026-10-02 05:04:00
T00000669,A000144,2026-09-24,PURCHASE,1770.08,USD,FUEL,REVERSED,2026-10-02 15:16:00
T00000670,A000227,2026-09-09,FEE,4699.45,CAD,RETAIL,POSTED,2026-10-02 09:25:00
T00000671,A000210,2026-09-09,FEE,2206.93,CAD,OTHER,PENDING,2026-10-02 02:43:00
T00000672,A000212,2026-09-29,TRANSFER,1317.82,CAD,GROCERY,POSTED,2026-10-01 22:52:00
T00000673,A000288,2026-09-01,PURCHASE,777.04,CAD,RESTAURANT,REVERSED,2026-10-01 18:25:00
T00000674,A000038,2026-09-15,DEPOSIT,1944.17,USD,UTILITIES,POSTED,2026-10-02 14:29:00
T00000675,A000329,2026-09-30,PAYMENT,550.05,CAD,UTILITIES,POSTED,2026-10-02 13:12:00
T00000676,A000206,2026-09-22,WITHDRAWAL,327.04,CAD,TRAVEL,REVERSED,2026-10-01 22:47:00
T00000677,A000244,2026-09-08,PURCHASE,1395.48,CAD,TRAVEL,POSTED,2026-10-02 04:40:00
T00000678,A000110,2026-09-21,FEE,2843.19,CAD,OTHER,REVERSED,2026-10-01 11:50:00
T00000679,A000221,2026-10-01,PAYMENT,1071.04,USD,OTHER,POSTED,2026-10-02 08:16:00
T00000680,A000326,2026-09-12,PURCHASE,422.54,CAD,RESTAURANT,REVERSED,2026-10-01 09:55:00
T00000681,A000365,2026-09-29,FEE,4357.09,USD,FUEL,PENDING,2026-10-01 01:05:00
T00000682,A000220,2026-09-22,WITHDRAWAL,4817.01,CAD,FUEL,POSTED,2026-10-02 13:30:00
T00000683,A000244,2026-09-11,DEPOSIT,4828.12,CAD,RESTAURANT,REVERSED,2026-10-01 17:50:00
T00000684,A000306,2026-09-13,TRANSFER,393.65,CAD,TRAVEL,POSTED,2026-10-02 21:52:00
T00000685,A000376,2026-09-21,DEPOSIT,75.86,CAD,FUEL,REVERSED,2026-10-02 03:50:00
T00000686,A000346,2026-09-27,TRANSFER,1317.7,CAD,GROCERY,REVERSED,2026-10-01 20:28:00
T00000687,A000328,2026-09-07,TRANSFER,187.25,USD,FUEL,REVERSED,2026-10-01 19:24:00
T00000688,A000111,2026-09-23,PAYMENT,1052.77,USD,UTILITIES,POSTED,2026-10-02 11:01:00
T00000689,A000155,2026-09-20,PURCHASE,2512.92,CAD,UTILITIES,REVERSED,2026-10-02 13:26:00
T00000690,A000181,2026-09-23,DEPOSIT,4141.79,CAD,TRAVEL,PENDING,2026-10-01 05:29:00
T00000691,A000220,2026-09-24,FEE,888.59,CAD,FUEL,REVERSED,2026-10-02 09:54:00
T00000692,A000338,2026-09-28,TRANSFER,3172.37,USD,TRAVEL,POSTED,2026-10-01 03:05:00
T00000693,A000333,2026-09-02,DEPOSIT,3083.22,USD,GROCERY,REVERSED,2026-10-01 20:28:00
T00000694,A000258,2026-09-03,DEPOSIT,3340.21,CAD,FUEL,POSTED,2026-10-02 17:24:00
T00000695,A000059,2026-09-13,PURCHASE,4282.43,CAD,RESTAURANT,REVERSED,2026-10-02 20:45:00
T00000696,A000380,2026-09-26,WITHDRAWAL,42.99,CAD,OTHER,POSTED,2026-10-02 08:56:00
T00000697,A000338,2026-09-17,DEPOSIT,1540.45,USD,UTILITIES,POSTED,2026-10-01 13:02:00
T00000698,A000008,2026-09-02,WITHDRAWAL,771.11,USD,OTHER,PENDING,2026-10-02 05:36:00
T00000699,A000221,2026-09-16,DEPOSIT,2780.92,USD,FUEL,REVERSED,2026-10-01 18:27:00
T00000700,A000066,2026-09-25,PAYMENT,4886.89,CAD,RETAIL,PENDING,2026-10-01 13:14:00
T00000700,A000051,2026-09-09,TRANSFER,2523.76,USD,TRAVEL,REVERSED,2026-10-02 17:10:00
T00000702,A000166,2026-09-14,PURCHASE,470.81,CAD,RETAIL,POSTED,2026-10-01 00:39:00
T00000703,A000363,2026-09-06,PURCHASE,2861.11,CAD,UTILITIES,POSTED,2026-10-02 20:40:00
T00000704,A000184,2026-09-12,PAYMENT,1202.41,CAD,RESTAURANT,POSTED,2026-10-01 23:49:00
T00000705,A000194,2026-09-17,WITHDRAWAL,3297.99,CAD,GROCERY,POSTED,2026-10-01 20:37:00
T00000706,A000053,2026-09-08,FEE,2298.34,CAD,GROCERY,POSTED,2026-10-01 09:16:00
T00000707,A000093,2026-09-06,WITHDRAWAL,391.52,CAD,OTHER,POSTED,2026-10-02 03:31:00
T00000708,A000012,2026-09-27,TRANSFER,372.51,USD,GROCERY,POSTED,2026-10-02 12:56:00
T00000709,A000161,2026-09-29,PAYMENT,4043.7,CAD,RESTAURANT,POSTED,2026-10-01 21:36:00
T00000710,A000324,2026-09-03,WITHDRAWAL,590.45,CAD,RESTAURANT,REVERSED,2026-10-01 05:33:00
T00000711,A000380,2026-09-17,PAYMENT,4633.28,CAD,TRAVEL,POSTED,2026-10-01 16:32:00
T00000712,A000079,2026-09-14,PURCHASE,4335.04,USD,FUEL,POSTED,2026-10-02 04:14:00
T00000713,A000043,2026-09-09,DEPOSIT,1341.61,USD,FUEL,POSTED,2026-10-02 22:35:00
T00000714,A000334,2026-09-19,DEPOSIT,2337.88,USD,RETAIL,REVERSED,2026-10-01 08:11:00
T00000715,A000102,2026-09-18,PURCHASE,4809.55,CAD,TRAVEL,PENDING,2026-10-01 06:46:00
T00000716,A000250,2026-09-28,DEPOSIT,4414.87,CAD,TRAVEL,PENDING,2026-10-02 19:06:00
T00000717,A000311,2026-09-25,FEE,2149.42,USD,RESTAURANT,PENDING,2026-10-01 14:10:00
T00000718,A000018,2026-09-17,WITHDRAWAL,2936.41,CAD,TRAVEL,PENDING,2026-10-02 00:07:00
T00000719,A000093,2026-09-21,PAYMENT,2149.79,CAD,RESTAURANT,POSTED,2026-10-01 06:42:00
T00000720,A000191,2026-09-24,WITHDRAWAL,729.47,USD,GROCERY,POSTED,2026-10-02 22:00:00
T00000721,A000368,2026-09-22,FEE,1072.79,CAD,OTHER,PENDING,2026-10-01 17:04:00
T00000722,A000198,2026-09-19,FEE,3011.0,CAD,FUEL,POSTED,2026-10-02 22:38:00
T00000723,A000344,2026-09-05,TRANSFER,2871.87,CAD,RETAIL,REVERSED,2026-10-02 10:12:00
T00000724,A000101,2026-09-04,DEPOSIT,4014.61,CAD,GROCERY,PENDING,2026-10-02 03:07:00
T00000725,A000232,2026-09-11,FEE,3009.15,CAD,RETAIL,POSTED,2026-10-01 09:01:00
T00000726,A000330,2026-09-01,WITHDRAWAL,4558.66,CAD,FUEL,REVERSED,2026-10-01 17:58:00
T00000727,A000271,2026-09-03,PURCHASE,1690.26,CAD,GROCERY,REVERSED,2026-10-01 13:46:00
T00000728,A000155,2026-09-18,WITHDRAWAL,1589.36,CAD,RETAIL,POSTED,2026-10-02 15:39:00
T00000729,A000025,2026-09-26,DEPOSIT,1495.73,USD,RETAIL,POSTED,2026-10-02 19:06:00
T00000730,A000015,2026-09-15,PURCHASE,243.93,CAD,FUEL,POSTED,2026-10-02 22:46:00
T00000731,A000224,2026-09-15,PAYMENT,855.11,CAD,UTILITIES,PENDING,2026-10-01 22:55:00
T00000732,A000027,2026-09-17,PURCHASE,4417.18,CAD,GROCERY,POSTED,2026-10-02 02:16:00
T00000733,A000169,2026-09-25,PAYMENT,1353.21,CAD,FUEL,REVERSED,2026-10-01 04:20:00
T00000734,A000076,2026-09-27,TRANSFER,3186.33,CAD,GROCERY,POSTED,2026-10-02 21:31:00
T00000735,A000144,2026-09-21,DEPOSIT,3864.36,USD,FUEL,POSTED,2026-10-02 09:45:00
T00000736,A000043,2026-09-23,PAYMENT,2794.78,USD,UTILITIES,POSTED,2026-10-01 02:31:00
T00000737,A000031,2026-09-14,PAYMENT,70.57,USD,RETAIL,REVERSED,2026-10-01 15:06:00
T00000738,A000175,2026-09-14,FEE,4070.91,CAD,TRAVEL,PENDING,2026-10-02 22:29:00
T00000739,A000336,2026-09-10,PURCHASE,4239.8,CAD,FUEL,POSTED,2026-10-02 12:28:00
T00000740,A000318,2026-09-13,PAYMENT,3901.21,USD,GROCERY,PENDING,2026-10-02 05:43:00
T00000741,A000158,2026-09-07,PURCHASE,740.71,USD,UTILITIES,POSTED,2026-10-01 00:57:00
T00000742,A000236,2026-09-12,DEPOSIT,1337.45,CAD,UTILITIES,REVERSED,2026-10-02 08:07:00
T00000743,A000282,2026-09-06,PAYMENT,1775.36,USD,FUEL,REVERSED,2026-10-02 16:21:00
T00000744,A000028,2026-09-29,PURCHASE,1366.58,CAD,GROCERY,REVERSED,2026-10-02 06:18:00
T00000745,A000097,2026-09-26,WITHDRAWAL,887.34,CAD,TRAVEL,REVERSED,2026-10-02 03:43:00
T00000746,A000026,2026-09-16,PAYMENT,4795.06,CAD,GROCERY,POSTED,2026-10-01 18:17:00
T00000747,A000123,2026-09-05,WITHDRAWAL,2663.0,CAD,FUEL,REVERSED,2026-10-02 12:06:00
T00000748,A000113,2026-09-18,PAYMENT,2478.38,CAD,OTHER,POSTED,2026-10-02 20:18:00
T00000749,A000362,2026-09-19,PURCHASE,3670.74,USD,FUEL,REVERSED,2026-10-02 22:15:00
T00000750,A000088,2026-09-21,PAYMENT,3408.81,CAD,FUEL,PENDING,2026-10-02 04:00:00
T00000751,A000342,2026-10-01,PURCHASE,2142.47,CAD,FUEL,PENDING,2026-10-01 05:43:00
T00000752,A000005,2026-09-23,FEE,4847.86,USD,GROCERY,REVERSED,2026-10-01 15:07:00
T00000753,A000024,2026-09-02,WITHDRAWAL,2838.5,USD,OTHER,POSTED,2026-10-01 04:49:00
T00000754,A000049,2026-09-07,TRANSFER,1526.49,USD,RESTAURANT,REVERSED,2026-10-02 23:22:00
T00000755,A000280,2026-09-17,WITHDRAWAL,3318.73,CAD,RESTAURANT,REVERSED,2026-10-01 11:19:00
T00000756,A000364,2026-09-22,TRANSFER,4457.41,USD,OTHER,REVERSED,2026-10-01 08:43:00
T00000757,A000266,2026-09-02,DEPOSIT,743.76,CAD,OTHER,POSTED,2026-10-01 11:31:00
T00000758,A000016,2026-09-16,TRANSFER,2890.03,USD,RETAIL,PENDING,2026-10-01 23:05:00
T00000759,A000100,2026-09-25,WITHDRAWAL,3195.48,CAD,UTILITIES,REVERSED,2026-10-01 08:58:00
T00000760,A000348,2026-09-23,DEPOSIT,4440.53,USD,TRAVEL,REVERSED,2026-10-02 09:12:00
T00000761,A000022,2026-09-22,PURCHASE,4171.69,CAD,RETAIL,REVERSED,2026-10-02 09:07:00
T00000762,A000005,2026-10-02,PAYMENT,4636.53,USD,RETAIL,POSTED,2026-10-02 19:35:00
T00000763,A000341,2026-09-11,WITHDRAWAL,1521.71,CAD,GROCERY,PENDING,2026-10-01 14:02:00
T00000764,A000112,2026-09-19,PURCHASE,4128.23,CAD,GROCERY,REVERSED,2026-10-02 00:27:00
T00000765,A000181,2026-09-01,PAYMENT,254.26,CAD,RESTAURANT,PENDING,2026-10-01 02:45:00
T00000766,A000139,2026-09-10,PAYMENT,4979.59,CAD,RETAIL,POSTED,2026-10-02 07:02:00
T00000767,A000243,2026-09-23,TRANSFER,1247.4,CAD,UTILITIES,REVERSED,2026-10-02 12:57:00
T00000768,A000051,2026-09-17,FEE,4601.37,USD,RESTAURANT,POSTED,2026-10-02 21:56:00
T00000769,A000166,2026-09-09,PAYMENT,3418.19,CAD,RESTAURANT,POSTED,2026-10-02 17:12:00
T00000770,A000155,2026-09-20,FEE,432.56,CAD,UTILITIES,REVERSED,2026-10-01 12:50:00
T00000771,A000224,2026-09-07,DEPOSIT,697.36,CAD,UTILITIES,PENDING,2026-10-02 14:22:00
T00000772,A000219,2026-09-30,DEPOSIT,2105.43,CAD,RETAIL,POSTED,2026-10-01 13:05:00
T00000773,A000072,2026-09-20,FEE,3934.23,CAD,TRAVEL,PENDING,2026-10-01 19:34:00
T00000774,A000290,2026-09-19,DEPOSIT,272.41,CAD,FUEL,REVERSED,2026-10-01 14:51:00
T00000775,A000266,2026-09-30,PURCHASE,4196.79,CAD,GROCERY,PENDING,2026-10-01 10:38:00
T00000776,A000050,2026-09-19,TRANSFER,2829.39,CAD,RESTAURANT,POSTED,2026-10-01 23:37:00
T00000777,A000346,2026-09-04,FEE,3509.36,CAD,FUEL,REVERSED,2026-10-01 07:57:00
T00000778,A000346,2026-09-10,WITHDRAWAL,1507.96,CAD,UTILITIES,POSTED,2026-10-02 19:44:00
T00000779,A000103,2026-09-08,PAYMENT,340.37,CAD,TRAVEL,POSTED,2026-10-01 07:13:00
T00000780,A000054,2026-10-01,FEE,128.16,USD,RETAIL,REVERSED,2026-10-01 03:19:00
T00000781,A000208,2026-10-01,PAYMENT,4913.57,CAD,OTHER,PENDING,2026-10-02 21:39:00
T00000782,A000064,2026-09-28,PURCHASE,735.5,CAD,FUEL,POSTED,2026-10-01 05:32:00
T00000783,A000380,2026-09-13,WITHDRAWAL,2383.41,CAD,RESTAURANT,POSTED,2026-10-02 11:42:00
T00000784,A000141,2026-09-26,PURCHASE,1932.17,USD,RETAIL,REVERSED,2026-10-02 04:01:00
T00000785,A000146,2026-09-30,DEPOSIT,605.03,USD,GROCERY,PENDING,2026-10-01 20:41:00
T00000786,A000337,2026-09-29,WITHDRAWAL,217.95,CAD,FUEL,REVERSED,2026-10-02 08:00:00
T00000787,A000082,2026-09-23,FEE,2505.69,USD,FUEL,PENDING,2026-10-02 16:04:00
T00000788,A000090,2026-09-10,TRANSFER,1762.58,CAD,TRAVEL,PENDING,2026-10-02 22:54:00
T00000789,A000072,2026-09-18,TRANSFER,3925.88,CAD,RESTAURANT,REVERSED,2026-10-01 20:30:00
T00000790,A000193,2026-10-01,PAYMENT,3031.18,CAD,TRAVEL,PENDING,2026-10-01 22:20:00
T00000791,A000302,2026-09-23,DEPOSIT,2924.54,USD,GROCERY,POSTED,2026-10-01 23:10:00
T00000792,A000119,2026-09-07,DEPOSIT,3327.98,USD,UTILITIES,REVERSED,2026-10-02 07:49:00
T00000793,A000376,2026-09-16,PAYMENT,531.63,CAD,UTILITIES,REVERSED,2026-10-02 02:03:00
T00000794,A000314,2026-09-17,TRANSFER,576.8,CAD,GROCERY,REVERSED,2026-10-02 19:40:00
T00000795,A000016,2026-09-12,TRANSFER,1609.19,USD,RETAIL,REVERSED,2026-10-01 20:36:00
T00000796,A000285,2026-09-13,DEPOSIT,982.61,CAD,RETAIL,PENDING,2026-10-01 06:47:00
T00000797,A000083,2026-09-28,PAYMENT,4070.12,CAD,GROCERY,POSTED,2026-10-01 06:02:00
T00000798,A000072,2026-09-01,DEPOSIT,1801.01,CAD,TRAVEL,POSTED,2026-10-02 05:43:00
T00000799,A000374,2026-10-02,PAYMENT,954.73,CAD,TRAVEL,REVERSED,2026-10-02 11:39:00
T00000800,A000287,2026-09-09,DEPOSIT,4008.97,USD,RETAIL,REVERSED,2026-10-01 18:05:00
T00000801,A000066,2026-09-20,DEPOSIT,509.06,CAD,FUEL,POSTED,2026-10-02 00:14:00
T00000802,A000149,2026-09-17,WITHDRAWAL,1955.18,CAD,GROCERY,POSTED,2026-10-02 02:34:00
T00000803,A000295,2026-09-16,FEE,4266.71,USD,TRAVEL,PENDING,2026-10-02 19:03:00
T00000804,A000280,2026-09-08,WITHDRAWAL,2915.95,CAD,UTILITIES,POSTED,2026-10-01 10:26:00
T00000805,A000134,2026-09-13,PURCHASE,1676.03,CAD,FUEL,POSTED,2026-10-02 21:58:00
T00000806,A000032,2026-09-16,FEE,2470.31,USD,TRAVEL,POSTED,2026-10-02 02:26:00
T00000807,A000307,2026-09-06,DEPOSIT,4438.16,CAD,FUEL,PENDING,2026-10-01 03:02:00
T00000808,A000255,2026-09-15,DEPOSIT,3253.43,CAD,RETAIL,PENDING,2026-10-01 00:59:00
T00000809,A000029,2026-09-02,PAYMENT,3869.2,CAD,TRAVEL,REVERSED,2026-10-01 17:30:00
T00000810,A000027,2026-09-25,TRANSFER,3829.58,CAD,FUEL,REVERSED,2026-10-02 17:08:00
T00000811,A000060,2026-09-29,FEE,594.37,CAD,RESTAURANT,PENDING,2026-10-01 10:27:00
T00000812,A000030,2026-09-16,FEE,1164.01,CAD,GROCERY,POSTED,2026-10-02 23:48:00
T00000813,A000275,2026-09-03,PURCHASE,4954.74,CAD,OTHER,POSTED,2026-10-01 02:03:00
T00000814,A000065,2026-09-29,PURCHASE,907.06,USD,RESTAURANT,PENDING,2026-10-01 09:08:00
T00000815,A000311,2026-09-26,PURCHASE,2396.11,USD,UTILITIES,POSTED,2026-10-01 08:34:00
T00000816,A000106,2026-10-02,WITHDRAWAL,3527.75,USD,OTHER,POSTED,2026-10-02 22:19:00
T00000817,A000188,2026-09-19,PAYMENT,4345.51,CAD,TRAVEL,PENDING,2026-10-02 22:34:00
T00000818,A000258,2026-09-07,DEPOSIT,274.72,CAD,UTILITIES,REVERSED,2026-10-02 02:13:00
T00000819,A000071,2026-09-15,FEE,1528.17,CAD,FUEL,POSTED,2026-10-02 23:52:00
T00000820,A000073,2026-09-03,TRANSFER,4889.66,USD,RETAIL,REVERSED,2026-10-01 00:31:00
T00000821,A000018,2026-09-18,DEPOSIT,1393.45,CAD,RESTAURANT,POSTED,2026-10-01 08:54:00
T00000822,A000313,2026-09-25,DEPOSIT,2479.31,USD,RETAIL,REVERSED,2026-10-01 07:13:00
T00000823,A000195,2026-09-12,FEE,3301.33,USD,GROCERY,PENDING,2026-10-01 17:48:00
T00000824,A000179,2026-09-02,WITHDRAWAL,4550.72,CAD,OTHER,PENDING,2026-10-01 00:21:00
T00000825,A000372,2026-09-28,TRANSFER,4329.38,CAD,UTILITIES,POSTED,2026-10-01 17:24:00
T00000826,A000370,2026-09-19,FEE,4293.28,CAD,RETAIL,REVERSED,2026-10-02 05:24:00
T00000827,A000240,2026-09-16,PURCHASE,663.7,USD,RESTAURANT,PENDING,2026-10-01 07:49:00
T00000828,A000278,2026-09-19,DEPOSIT,1690.97,CAD,GROCERY,PENDING,2026-10-02 08:42:00
T00000829,A000129,2026-09-01,FEE,625.91,CAD,UTILITIES,PENDING,2026-10-02 05:28:00
T00000830,A000237,2026-09-02,DEPOSIT,2202.35,CAD,GROCERY,PENDING,2026-10-02 20:54:00
T00000831,A000285,2026-09-14,FEE,2046.01,CAD,GROCERY,PENDING,2026-10-02 02:28:00
T00000832,A000093,2026-09-17,WITHDRAWAL,3831.05,CAD,RESTAURANT,REVERSED,2026-10-01 07:40:00
T00000833,A000090,2026-09-10,TRANSFER,4356.84,CAD,GROCERY,POSTED,2026-10-01 20:02:00
T00000834,A000095,2026-09-29,PURCHASE,2901.55,CAD,TRAVEL,POSTED,2026-10-01 22:16:00
T00000835,A000132,2026-09-02,WITHDRAWAL,3393.55,CAD,TRAVEL,POSTED,2026-10-01 11:06:00
T00000836,A000040,2026-09-29,PURCHASE,570.35,USD,FUEL,POSTED,2026-10-02 18:23:00
T00000837,A000349,2026-09-27,DEPOSIT,361.61,USD,RESTAURANT,POSTED,2026-10-01 10:38:00
T00000838,A000185,2026-09-22,TRANSFER,4875.62,USD,RESTAURANT,REVERSED,2026-10-02 19:01:00
T00000839,A000083,2026-09-24,PAYMENT,227.83,CAD,TRAVEL,POSTED,2026-10-01 19:13:00
T00000840,A000161,2026-09-23,DEPOSIT,4700.0,CAD,OTHER,POSTED,2026-10-01 12:48:00
T00000841,A000333,2026-09-06,PAYMENT,4776.12,USD,TRAVEL,REVERSED,2026-10-01 16:51:00
T00000842,A000027,2026-10-01,FEE,3297.69,CAD,RETAIL,PENDING,2026-10-02 06:53:00
T00000843,A000295,2026-09-19,WITHDRAWAL,4555.79,USD,FUEL,PENDING,2026-10-01 14:20:00
T00000844,A000060,2026-09-16,DEPOSIT,2227.81,CAD,RESTAURANT,POSTED,2026-10-02 17:32:00
T00000845,A000040,2026-09-24,FEE,3268.38,USD,FUEL,REVERSED,2026-10-02 07:36:00
T00000846,A000065,2026-09-16,DEPOSIT,3883.36,USD,UTILITIES,POSTED,2026-10-02 09:21:00
T00000847,A000161,2026-09-08,DEPOSIT,412.12,CAD,TRAVEL,POSTED,2026-10-02 20:56:00
T00000848,A000102,2026-09-12,PURCHASE,4382.65,CAD,FUEL,POSTED,2026-10-02 08:48:00
T00000849,A000284,2026-10-01,PAYMENT,3715.56,USD,OTHER,POSTED,2026-10-02 00:44:00
T00000850,A000086,2026-09-05,FEE,666.23,USD,RETAIL,REVERSED,2026-10-02 04:25:00
T00000851,A000357,2026-09-16,PURCHASE,3561.36,CAD,RESTAURANT,PENDING,2026-10-01 23:02:00
T00000852,A000038,2026-09-23,DEPOSIT,4749.85,USD,UTILITIES,REVERSED,2026-10-02 09:48:00
T00000853,A000245,2026-09-09,TRANSFER,3668.55,CAD,OTHER,POSTED,2026-10-01 00:37:00
T00000854,A000304,2026-09-24,DEPOSIT,3371.17,CAD,RETAIL,PENDING,2026-10-02 05:32:00
T00000855,A000370,2026-09-18,PURCHASE,4724.12,CAD,FUEL,PENDING,2026-10-02 10:03:00
T00000856,A000289,2026-09-28,DEPOSIT,1429.86,USD,RESTAURANT,POSTED,2026-10-01 01:52:00
T00000857,A000377,2026-09-14,WITHDRAWAL,2155.54,CAD,TRAVEL,PENDING,2026-10-01 11:18:00
T00000858,A000085,2026-09-08,DEPOSIT,1442.78,USD,RETAIL,POSTED,2026-10-01 09:58:00
T00000859,A000133,2026-09-07,TRANSFER,4622.96,CAD,RESTAURANT,POSTED,2026-10-01 06:35:00
T00000860,A000261,2026-09-11,PURCHASE,141.61,USD,TRAVEL,POSTED,2026-10-01 15:53:00
T00000861,A000014,2026-09-24,FEE,1019.69,CAD,RETAIL,REVERSED,2026-10-01 14:18:00
T00000862,A000057,2026-09-08,DEPOSIT,2224.8,CAD,RETAIL,PENDING,2026-10-01 04:17:00
T00000863,A000375,2026-09-08,PURCHASE,4842.36,USD,UTILITIES,POSTED,2026-10-01 10:10:00
T00000864,A000260,2026-09-22,TRANSFER,1384.16,CAD,UTILITIES,POSTED,2026-10-02 01:27:00
T00000865,A000052,2026-09-21,FEE,956.04,CAD,UTILITIES,POSTED,2026-10-01 07:08:00
T00000866,A000301,2026-09-25,PAYMENT,4361.21,CAD,UTILITIES,POSTED,2026-10-02 15:09:00
T00000867,A000249,2026-09-12,WITHDRAWAL,3669.14,CAD,FUEL,POSTED,2026-10-01 16:54:00
T00000868,A000371,2026-09-14,PURCHASE,20.97,CAD,RETAIL,POSTED,2026-10-01 01:26:00
T00000869,A000353,2026-09-17,TRANSFER,3068.82,CAD,TRAVEL,POSTED,2026-10-02 15:33:00
T00000870,A000337,2026-09-12,PAYMENT,4390.06,CAD,RESTAURANT,REVERSED,2026-10-02 20:25:00
T00000871,A000307,2026-09-23,WITHDRAWAL,2719.35,CAD,GROCERY,POSTED,2026-10-01 09:26:00
T00000872,A000229,2026-09-21,DEPOSIT,1240.74,USD,GROCERY,POSTED,2026-10-02 10:42:00
T00000873,A000059,2026-09-23,TRANSFER,3486.36,CAD,FUEL,REVERSED,2026-10-02 19:26:00
T00000874,A000352,2026-09-16,WITHDRAWAL,149.67,USD,TRAVEL,POSTED,2026-10-02 01:35:00
T00000875,A000166,2026-09-17,DEPOSIT,3376.57,CAD,RETAIL,REVERSED,2026-10-02 12:16:00
T00000876,A000028,2026-09-18,PAYMENT,2430.1,CAD,RESTAURANT,POSTED,2026-10-02 14:26:00
T00000877,A000114,2026-09-11,TRANSFER,2682.39,CAD,GROCERY,PENDING,2026-10-01 19:34:00
T00000878,A000011,2026-09-02,PURCHASE,4013.05,CAD,OTHER,PENDING,2026-10-02 17:04:00
T00000879,A000336,2026-09-04,WITHDRAWAL,2595.65,CAD,TRAVEL,POSTED,2026-10-01 17:25:00
T00000880,A000368,2026-09-15,PAYMENT,1454.49,CAD,RESTAURANT,PENDING,2026-10-02 06:35:00
T00000881,A000376,2026-09-16,PURCHASE,4700.37,CAD,OTHER,POSTED,2026-10-01 16:25:00
T00000882,A000249,2026-09-03,WITHDRAWAL,788.94,CAD,GROCERY,POSTED,2026-10-01 01:17:00
T00000883,A000064,2026-09-25,PAYMENT,3278.1,CAD,OTHER,PENDING,2026-10-01 02:04:00
T00000884,A000259,2026-09-27,TRANSFER,105.67,USD,OTHER,POSTED,2026-10-01 23:37:00
T00000885,A000201,2026-09-13,WITHDRAWAL,4158.2,CAD,OTHER,PENDING,2026-10-02 16:47:00
T00000886,A000012,2026-09-20,PAYMENT,1373.88,USD,GROCERY,PENDING,2026-10-02 12:18:00
T00000887,A000220,2026-09-06,DEPOSIT,1115.15,CAD,TRAVEL,PENDING,2026-10-02 09:58:00
T00000888,A000360,2026-09-16,DEPOSIT,1915.13,CAD,UTILITIES,REVERSED,2026-10-02 17:45:00
T00000889,A000056,2026-09-29,PURCHASE,1124.18,CAD,RETAIL,POSTED,2026-10-02 11:30:00
T00000890,A000289,2026-09-07,WITHDRAWAL,3215.88,USD,FUEL,POSTED,2026-10-01 17:10:00
T00000891,A000107,2026-10-02,PURCHASE,2969.08,CAD,FUEL,REVERSED,2026-10-02 16:46:00
T00000892,A000291,2026-09-15,DEPOSIT,299.37,CAD,RESTAURANT,REVERSED,2026-10-02 23:21:00
T00000893,A000078,2026-09-03,FEE,1610.61,CAD,TRAVEL,REVERSED,2026-10-01 08:44:00
T00000894,A000108,2026-10-02,WITHDRAWAL,2730.22,CAD,UTILITIES,POSTED,2026-10-02 14:45:00
T00000895,A000248,2026-09-06,DEPOSIT,4606.55,CAD,UTILITIES,POSTED,2026-10-02 04:48:00
T00000896,A000007,2026-09-11,PURCHASE,2602.1,CAD,FUEL,POSTED,2026-10-02 03:02:00
T00000897,A000218,2026-10-02,FEE,857.76,CAD,RETAIL,POSTED,2026-10-02 12:00:00
T00000898,A000152,2026-09-08,WITHDRAWAL,2180.22,CAD,UTILITIES,PENDING,2026-10-02 19:56:00
T00000899,A000191,2026-09-11,FEE,711.88,USD,UTILITIES,POSTED,2026-10-02 16:38:00
T00000900,A000129,2026-10-01,WITHDRAWAL,2317.09,CAD,UTILITIES,POSTED,2026-10-01 16:45:00
T00000901,A000243,2026-09-01,PAYMENT,1591.85,CAD,FUEL,REVERSED,2026-10-01 00:19:00
T00000902,A000360,2026-09-13,PURCHASE,1000.34,CAD,TRAVEL,REVERSED,2026-10-02 03:03:00
T00000903,A000320,2026-09-30,PURCHASE,2974.3,CAD,RESTAURANT,POSTED,2026-10-02 20:00:00
T00000904,A000099,2026-09-18,DEPOSIT,1424.52,USD,TRAVEL,PENDING,2026-10-02 19:49:00
T00000905,A000207,2026-09-17,TRANSFER,2807.76,USD,UTILITIES,POSTED,2026-10-01 18:09:00
T00000906,A000053,2026-09-14,WITHDRAWAL,1403.53,CAD,TRAVEL,POSTED,2026-10-01 16:37:00
T00000907,A000331,2026-09-25,FEE,1654.15,CAD,TRAVEL,PENDING,2026-10-02 06:10:00
T00000908,A000002,2026-09-15,PURCHASE,4945.49,CAD,OTHER,POSTED,2026-10-01 05:30:00
T00000909,A000001,2026-09-21,PURCHASE,393.55,CAD,FUEL,REVERSED,2026-10-02 21:30:00
T00000910,A000168,2026-09-20,PURCHASE,2504.37,CAD,FUEL,REVERSED,2026-10-02 12:45:00
T00000911,A000243,2026-09-23,FEE,1562.25,CAD,RESTAURANT,POSTED,2026-10-01 05:40:00
T00000912,A000143,2026-09-10,FEE,4200.18,CAD,RETAIL,REVERSED,2026-10-02 21:07:00
T00000913,A000286,2026-09-28,PAYMENT,3262.2,USD,GROCERY,PENDING,2026-10-02 21:22:00
T00000914,A000373,2026-09-28,FEE,1072.83,CAD,FUEL,REVERSED,2026-10-02 05:59:00
T00000915,A000006,2026-09-13,FEE,2213.19,CAD,FUEL,POSTED,2026-10-02 10:06:00
T00000916,A000189,2026-09-17,PURCHASE,2516.45,USD,TRAVEL,PENDING,2026-10-01 20:17:00
T00000917,A000329,2026-10-01,TRANSFER,1994.48,CAD,UTILITIES,PENDING,2026-10-02 20:03:00
T00000918,A000293,2026-09-02,DEPOSIT,4316.61,USD,TRAVEL,REVERSED,2026-10-02 05:30:00
T00000919,A000332,2026-09-07,PURCHASE,195.78,CAD,TRAVEL,POSTED,2026-10-01 04:05:00
T00000920,A000215,2026-09-08,TRANSFER,284.96,CAD,UTILITIES,POSTED,2026-10-02 03:54:00
T00000921,A000279,2026-09-18,PAYMENT,4917.1,CAD,UTILITIES,POSTED,2026-10-02 21:54:00
T00000922,A000163,2026-09-11,FEE,4529.1,CAD,UTILITIES,PENDING,2026-10-01 21:25:00
T00000923,A000214,2026-09-04,FEE,329.45,CAD,FUEL,PENDING,2026-10-01 05:28:00
T00000924,A000023,2026-09-18,TRANSFER,3044.6,CAD,TRAVEL,REVERSED,2026-10-01 20:47:00
T00000925,A000002,2026-09-20,WITHDRAWAL,1372.45,CAD,GROCERY,PENDING,2026-10-02 18:53:00
T00000926,A000357,2026-09-06,DEPOSIT,2833.12,CAD,GROCERY,POSTED,2026-10-01 05:46:00
T00000927,A000045,2026-09-12,TRANSFER,1590.92,CAD,GROCERY,POSTED,2026-10-01 06:40:00
T00000928,A000192,2026-09-30,TRANSFER,410.97,CAD,FUEL,PENDING,2026-10-01 23:48:00
T00000929,A000378,2026-09-09,DEPOSIT,1555.88,CAD,UTILITIES,PENDING,2026-10-01 08:08:00
T00000930,A000290,2026-09-21,PAYMENT,2072.84,CAD,RESTAURANT,POSTED,2026-10-01 09:16:00
T00000931,A000358,2026-09-29,DEPOSIT,1326.4,CAD,RESTAURANT,PENDING,2026-10-02 20:33:00
T00000932,A000231,2026-09-11,FEE,188.47,CAD,RETAIL,POSTED,2026-10-01 22:27:00
T00000933,A000178,2026-09-19,TRANSFER,1041.2,CAD,TRAVEL,PENDING,2026-10-01 16:49:00
T00000934,A000108,2026-09-17,WITHDRAWAL,1095.18,CAD,GROCERY,POSTED,2026-10-01 15:08:00
T00000935,A000240,2026-09-21,DEPOSIT,1864.55,USD,UTILITIES,POSTED,2026-10-02 22:06:00
T00000936,A000323,2026-09-23,PURCHASE,4347.3,CAD,FUEL,REVERSED,2026-10-02 10:21:00
T00000937,A000332,2026-09-07,WITHDRAWAL,939.62,CAD,RESTAURANT,POSTED,2026-10-02 17:11:00
T00000938,A000012,2026-09-29,DEPOSIT,4047.06,USD,TRAVEL,REVERSED,2026-10-02 15:53:00
T00000939,A000125,2026-09-17,FEE,3618.25,USD,RESTAURANT,REVERSED,2026-10-02 09:02:00
T00000940,A000120,2026-09-07,WITHDRAWAL,2107.82,USD,TRAVEL,REVERSED,2026-10-01 05:32:00
T00000941,A000086,2026-09-20,TRANSFER,4433.54,USD,TRAVEL,POSTED,2026-10-01 04:42:00
T00000942,A000171,2026-09-04,WITHDRAWAL,4851.77,USD,OTHER,POSTED,2026-10-02 14:25:00
T00000943,A000085,2026-09-30,PAYMENT,9.21,USD,FUEL,POSTED,2026-10-02 09:05:00
T00000944,A000095,2026-09-16,DEPOSIT,4289.52,CAD,GROCERY,POSTED,2026-10-01 21:35:00
T00000945,A000192,2026-09-01,WITHDRAWAL,2389.33,CAD,GROCERY,REVERSED,2026-10-02 22:13:00
T00000946,A000242,2026-09-25,TRANSFER,4157.58,CAD,FUEL,POSTED,2026-10-02 04:20:00
T00000947,A000069,2026-09-26,WITHDRAWAL,3867.44,CAD,OTHER,REVERSED,2026-10-02 17:04:00
T00000948,A000178,2026-10-02,FEE,3351.03,CAD,GROCERY,POSTED,2026-10-01 07:23:00
T00000949,A000186,2026-09-22,PURCHASE,2509.77,CAD,TRAVEL,REVERSED,2026-10-01 20:14:00
T00000950,A000071,2026-10-02,PAYMENT,943.91,CAD,RESTAURANT,REVERSED,2026-10-01 10:24:00
T00000951,A000335,2026-09-12,WITHDRAWAL,2131.43,CAD,RESTAURANT,REVERSED,2026-10-02 01:16:00
T00000952,A000216,2026-09-12,TRANSFER,821.9,CAD,TRAVEL,POSTED,2026-10-02 02:22:00
T00000953,A000352,2026-09-07,DEPOSIT,3281.06,USD,OTHER,POSTED,2026-10-01 10:08:00
T00000954,A000295,2026-09-25,PURCHASE,3433.06,USD,RETAIL,REVERSED,2026-10-02 01:19:00
T00000955,A000218,2026-09-17,PURCHASE,3711.61,CAD,TRAVEL,REVERSED,2026-10-02 15:45:00
T00000956,A000172,2026-09-24,PAYMENT,562.8,CAD,RETAIL,REVERSED,2026-10-01 04:00:00
T00000957,A000173,2026-09-17,FEE,992.08,USD,UTILITIES,REVERSED,2026-10-02 01:29:00
T00000958,A000145,2026-09-03,DEPOSIT,612.15,CAD,RETAIL,PENDING,2026-10-01 19:43:00
T00000959,A000190,2026-09-17,TRANSFER,2131.38,USD,RESTAURANT,POSTED,2026-10-02 05:18:00
T00000960,A000183,2026-09-27,WITHDRAWAL,92.51,CAD,RESTAURANT,POSTED,2026-10-01 11:46:00
T00000961,A000019,2026-09-26,PURCHASE,1246.89,USD,TRAVEL,POSTED,2026-10-01 23:09:00
T00000962,A000325,2026-10-02,WITHDRAWAL,2158.35,CAD,RESTAURANT,REVERSED,2026-10-01 23:52:00
T00000963,A000269,2026-09-30,WITHDRAWAL,208.0,CAD,RESTAURANT,POSTED,2026-10-01 19:46:00
T00000964,A000327,2026-09-07,TRANSFER,1912.66,CAD,GROCERY,PENDING,2026-10-02 13:25:00
T00000965,A000012,2026-09-12,WITHDRAWAL,4752.04,USD,UTILITIES,POSTED,2026-10-02 03:50:00
T00000966,A000099,2026-09-17,FEE,4974.62,USD,TRAVEL,POSTED,2026-10-01 11:36:00
T00000967,A000243,2026-09-14,DEPOSIT,3804.79,CAD,RESTAURANT,POSTED,2026-10-02 16:42:00
T00000968,A000024,2026-09-26,TRANSFER,4549.18,USD,RESTAURANT,PENDING,2026-10-01 13:13:00
T00000969,A000010,2026-09-27,WITHDRAWAL,3287.78,CAD,RESTAURANT,REVERSED,2026-10-02 03:14:00
T00000970,A000116,2026-09-02,PAYMENT,3546.5,CAD,GROCERY,PENDING,2026-10-02 18:26:00
T00000971,A000326,2026-09-22,DEPOSIT,2709.58,CAD,TRAVEL,POSTED,2026-10-02 10:20:00
T00000972,A000178,2026-09-29,TRANSFER,763.13,CAD,RETAIL,POSTED,2026-10-01 21:24:00
T00000973,A000131,2026-09-26,FEE,166.17,CAD,GROCERY,REVERSED,2026-10-02 02:13:00
T00000974,A000272,2026-09-24,WITHDRAWAL,1523.64,CAD,RETAIL,REVERSED,2026-10-01 04:39:00
T00000975,A000300,2026-09-11,FEE,3123.2,CAD,RETAIL,REVERSED,2026-10-01 09:35:00
T00000976,A000252,2026-09-16,FEE,1879.55,USD,FUEL,REVERSED,2026-10-01 03:25:00
T00000977,A000112,2026-09-14,FEE,4960.69,CAD,RESTAURANT,POSTED,2026-10-01 23:25:00
T00000978,A000282,2026-09-27,PAYMENT,1763.36,USD,RETAIL,PENDING,2026-10-02 11:40:00
T00000979,A000055,2026-09-21,FEE,2514.01,CAD,RETAIL,POSTED,2026-10-02 15:48:00
T00000980,A000238,2026-09-19,DEPOSIT,4131.56,USD,FUEL,POSTED,2026-10-02 09:00:00
T00000981,A000273,2026-09-22,TRANSFER,3815.86,CAD,FUEL,POSTED,2026-10-02 18:41:00
T00000982,A000215,2026-09-27,TRANSFER,2054.42,CAD,GROCERY,POSTED,2026-10-01 19:39:00
T00000983,A000258,2026-09-06,TRANSFER,2999.84,CAD,RETAIL,POSTED,2026-10-02 19:15:00
T00000984,A000086,2026-10-01,WITHDRAWAL,3423.39,USD,GROCERY,REVERSED,2026-10-01 05:29:00
T00000985,A000189,2026-09-16,TRANSFER,880.18,USD,FUEL,PENDING,2026-10-01 09:04:00
T00000986,A000016,2026-09-14,DEPOSIT,2890.12,USD,FUEL,REVERSED,2026-10-01 05:29:00
T00000987,A000257,2026-09-08,WITHDRAWAL,4019.42,CAD,OTHER,POSTED,2026-10-01 14:46:00
T00000988,A000036,2026-09-01,TRANSFER,3744.3,USD,UTILITIES,REVERSED,2026-10-02 12:04:00
T00000989,A000214,2026-09-17,FEE,4417.37,CAD,GROCERY,POSTED,2026-10-02 15:52:00
T00000990,A000372,2026-09-04,DEPOSIT,1468.35,CAD,OTHER,POSTED,2026-10-02 12:45:00
T00000991,A000262,2026-09-29,PURCHASE,2145.8,CAD,GROCERY,POSTED,2026-10-02 18:48:00
T00000992,A000058,2026-09-11,TRANSFER,1835.49,USD,RESTAURANT,POSTED,2026-10-01 15:13:00
T00000993,A000136,2026-09-07,TRANSFER,1653.48,CAD,GROCERY,REVERSED,2026-10-02 07:48:00
T00000994,A000134,2026-09-22,DEPOSIT,1479.98,CAD,RESTAURANT,REVERSED,2026-10-02 18:17:00
T00000995,A000305,2026-09-03,PAYMENT,3807.81,CAD,TRAVEL,PENDING,2026-10-01 07:56:00
T00000996,A000190,2026-09-24,WITHDRAWAL,3570.45,USD,UTILITIES,POSTED,2026-10-02 15:45:00
T00000997,A000226,2026-09-19,TRANSFER,776.43,CAD,FUEL,POSTED,2026-10-02 12:16:00
T00000998,A000327,2026-09-15,PAYMENT,144.88,CAD,TRAVEL,PENDING,2026-10-01 18:00:00
T00000999,A000133,2026-09-24,TRANSFER,3607.09,CAD,OTHER,REVERSED,2026-10-02 19:57:00
T00001000,A999999,2026-09-23,FEE,3221.04,CAD,OTHER,PENDING,2026-10-02 12:55:00
T00001001,A000249,2026-09-11,DEPOSIT,4354.56,CAD,FUEL,REVERSED,2026-10-02 00:42:00
T00001002,A000034,2026-09-22,PAYMENT,1128.0,CAD,FUEL,POSTED,2026-10-02 19:49:00
T00001003,A000374,2026-09-08,WITHDRAWAL,3251.73,CAD,RETAIL,REVERSED,2026-10-01 23:54:00
T00001004,A000269,2026-09-15,WITHDRAWAL,3708.18,CAD,UTILITIES,POSTED,2026-10-02 20:06:00
T00001005,A000169,2026-09-05,FEE,1361.01,CAD,OTHER,POSTED,2026-10-01 14:36:00
T00001006,A000268,2026-09-16,TRANSFER,1227.24,CAD,FUEL,POSTED,2026-10-01 22:45:00
T00001007,A000234,2026-09-12,FEE,205.96,CAD,RESTAURANT,PENDING,2026-10-01 23:12:00
T00001008,A000376,2026-09-05,PAYMENT,4531.17,CAD,TRAVEL,PENDING,2026-10-01 06:14:00
T00001009,A000125,2026-10-01,FEE,2324.04,USD,OTHER,POSTED,2026-10-02 20:04:00
T00001010,A000101,2026-10-01,PURCHASE,586.45,CAD,RETAIL,POSTED,2026-10-01 17:37:00
T00001011,A000111,2026-10-02,PURCHASE,1503.3,USD,TRAVEL,REVERSED,2026-10-01 23:56:00
T00001012,A000227,2026-09-13,TRANSFER,2946.74,CAD,TRAVEL,REVERSED,2026-10-01 08:48:00
T00001013,A000209,2026-09-18,PAYMENT,2465.56,CAD,RESTAURANT,REVERSED,2026-10-02 20:19:00
T00001014,A000136,2026-09-16,TRANSFER,1709.01,CAD,TRAVEL,PENDING,2026-10-02 03:48:00
T00001015,A000094,2026-10-02,FEE,37.55,CAD,RETAIL,REVERSED,2026-10-01 05:04:00
T00001016,A000222,2026-09-20,DEPOSIT,477.37,CAD,RESTAURANT,POSTED,2026-10-01 03:48:00
T00001017,A000119,2026-09-14,WITHDRAWAL,1539.47,USD,RESTAURANT,REVERSED,2026-10-01 21:19:00
T00001018,A000313,2026-09-14,PAYMENT,2857.19,USD,RESTAURANT,POSTED,2026-10-01 12:50:00
T00001019,A000088,2026-09-11,PAYMENT,3052.57,CAD,RESTAURANT,REVERSED,2026-10-02 23:17:00
T00001020,A000118,2026-09-17,WITHDRAWAL,2362.55,USD,RESTAURANT,POSTED,2026-10-02 10:46:00
T00001021,A000182,2026-09-21,DEPOSIT,2251.29,CAD,TRAVEL,REVERSED,2026-10-02 00:48:00
T00001022,A000207,2026-09-04,WITHDRAWAL,4843.56,USD,UTILITIES,POSTED,2026-10-02 08:01:00
T00001023,A000361,2026-09-13,TRANSFER,1047.0,USD,RESTAURANT,PENDING,2026-10-02 00:20:00
T00001024,A000219,2026-09-25,FEE,1631.8,CAD,UTILITIES,POSTED,2026-10-01 19:32:00
T00001025,A000226,2026-09-18,PAYMENT,538.64,CAD,FUEL,PENDING,2026-10-02 23:37:00
T00001026,A000241,2026-09-03,DEPOSIT,3907.23,CAD,UTILITIES,REVERSED,2026-10-01 08:38:00
T00001027,A000301,2026-09-25,PURCHASE,301.29,CAD,UTILITIES,PENDING,2026-10-02 17:23:00
T00001028,A000225,2026-09-19,PAYMENT,559.6,USD,UTILITIES,POSTED,2026-10-02 23:26:00
T00001029,A000078,2026-09-10,FEE,2951.09,CAD,FUEL,POSTED,2026-10-02 07:20:00
T00001030,A000294,2026-09-17,WITHDRAWAL,2785.59,CAD,UTILITIES,POSTED,2026-10-01 02:55:00
T00001031,A000359,2026-09-21,WITHDRAWAL,4786.21,CAD,OTHER,REVERSED,2026-10-01 05:20:00
T00001032,A000240,2026-09-15,WITHDRAWAL,2306.71,USD,FUEL,PENDING,2026-10-02 19:47:00
T00001033,A000012,2026-09-09,DEPOSIT,600.36,USD,RETAIL,REVERSED,2026-10-02 01:53:00
T00001034,A000271,2026-09-04,FEE,4565.35,CAD,RESTAURANT,POSTED,2026-10-02 01:32:00
T00001035,A000168,2026-10-02,WITHDRAWAL,1416.82,CAD,UTILITIES,POSTED,2026-10-01 18:05:00
T00001036,A000286,2026-09-08,FEE,2661.15,USD,OTHER,POSTED,2026-10-02 19:41:00
T00001037,A000098,2026-09-05,DEPOSIT,3836.74,CAD,OTHER,PENDING,2026-10-02 14:56:00
T00001038,A000379,2026-09-10,PURCHASE,3253.97,USD,FUEL,PENDING,2026-10-02 16:49:00
T00001039,A000355,2026-09-28,DEPOSIT,4447.54,CAD,TRAVEL,PENDING,2026-10-01 19:53:00
T00001040,A000200,2026-09-02,WITHDRAWAL,47.65,CAD,RETAIL,POSTED,2026-10-02 07:37:00
T00001041,A000346,2026-09-21,TRANSFER,2664.16,CAD,UTILITIES,POSTED,2026-10-02 22:55:00
T00001042,A000296,2026-09-10,PAYMENT,948.29,CAD,FUEL,PENDING,2026-10-01 03:01:00
T00001043,A000274,2026-09-03,FEE,3898.42,USD,RESTAURANT,POSTED,2026-10-02 10:59:00
T00001044,A000118,2026-09-14,PAYMENT,1012.5,USD,RETAIL,PENDING,2026-10-01 06:49:00
T00001045,A000182,2026-09-02,DEPOSIT,690.87,CAD,GROCERY,REVERSED,2026-10-01 14:55:00
T00001046,A000379,2026-09-14,DEPOSIT,1905.18,USD,RETAIL,REVERSED,2026-10-01 06:49:00
T00001047,A000195,2026-09-08,PAYMENT,468.79,USD,TRAVEL,POSTED,2026-10-01 06:07:00
T00001048,A000251,2026-09-23,WITHDRAWAL,3749.66,CAD,RETAIL,POSTED,2026-10-01 02:51:00
T00001049,A000260,2026-09-24,FEE,2392.5,CAD,GROCERY,REVERSED,2026-10-01 00:24:00
T00001050,A000216,2026-09-26,PURCHASE,4808.04,CAD,RESTAURANT,PENDING,2026-10-02 02:27:00
T00001051,A000334,2026-09-20,TRANSFER,1150.65,USD,GROCERY,REVERSED,2026-10-02 00:17:00
T00001052,A000374,2026-09-21,PAYMENT,231.62,CAD,FUEL,POSTED,2026-10-01 16:09:00
T00001053,A000072,2026-10-01,PURCHASE,3812.63,CAD,TRAVEL,POSTED,2026-10-02 11:39:00
T00001054,A000213,2026-09-11,PAYMENT,2099.1,CAD,TRAVEL,POSTED,2026-10-01 11:56:00
T00001055,A000057,2026-09-11,PAYMENT,154.75,CAD,RESTAURANT,REVERSED,2026-10-02 08:39:00
T00001056,A000165,2026-09-02,WITHDRAWAL,3917.43,CAD,GROCERY,REVERSED,2026-10-01 23:55:00
T00001057,A000074,2026-09-27,DEPOSIT,237.26,CAD,OTHER,POSTED,2026-10-01 03:00:00
T00001058,A000179,2026-09-15,PURCHASE,465.16,CAD,GROCERY,REVERSED,2026-10-02 13:54:00
T00001059,A000275,2026-09-29,FEE,676.35,CAD,OTHER,POSTED,2026-10-02 15:30:00
T00001060,A000132,2026-09-09,FEE,1617.77,CAD,RESTAURANT,POSTED,2026-10-02 15:47:00
T00001061,A000293,2026-09-13,FEE,633.54,USD,FUEL,POSTED,2026-10-01 21:05:00
T00001062,A000049,2026-09-26,FEE,1415.09,USD,GROCERY,POSTED,2026-10-01 08:11:00
T00001063,A000374,2026-09-20,DEPOSIT,1646.49,CAD,UTILITIES,PENDING,2026-10-01 10:27:00
T00001064,A000192,2026-09-10,PURCHASE,2898.95,CAD,UTILITIES,REVERSED,2026-10-01 06:11:00
T00001065,A000008,2026-09-10,PAYMENT,3174.98,USD,FUEL,REVERSED,2026-10-02 00:36:00
T00001066,A000247,2026-10-01,PAYMENT,4289.11,CAD,UTILITIES,REVERSED,2026-10-02 06:29:00
T00001067,A000319,2026-09-17,PURCHASE,2731.67,CAD,UTILITIES,PENDING,2026-10-02 10:57:00
T00001068,A000096,2026-09-17,DEPOSIT,1708.21,CAD,OTHER,REVERSED,2026-10-01 21:54:00
T00001069,A000176,2026-09-17,WITHDRAWAL,320.27,CAD,RETAIL,POSTED,2026-10-01 03:14:00
T00001070,A000235,2026-09-08,TRANSFER,605.79,USD,RESTAURANT,POSTED,2026-10-02 09:28:00
T00001071,A000224,2026-09-06,FEE,4831.63,CAD,FUEL,REVERSED,2026-10-01 04:53:00
T00001072,A000349,2026-09-15,PAYMENT,3880.68,USD,UTILITIES,PENDING,2026-10-01 18:55:00
T00001073,A000272,2026-09-04,WITHDRAWAL,4002.3,CAD,TRAVEL,POSTED,2026-10-01 11:10:00
T00001074,A000052,2026-09-11,FEE,3176.36,CAD,FUEL,POSTED,2026-10-02 06:17:00
T00001075,A000026,2026-09-26,FEE,1486.0,CAD,RETAIL,REVERSED,2026-10-02 10:08:00
T00001076,A000370,2026-09-20,WITHDRAWAL,6.77,CAD,UTILITIES,PENDING,2026-10-01 23:39:00
T00001077,A000305,2026-09-05,DEPOSIT,300.82,CAD,FUEL,POSTED,2026-10-02 05:48:00
T00001078,A000125,2026-09-26,TRANSFER,3932.63,USD,RETAIL,REVERSED,2026-10-01 07:53:00
T00001079,A000180,2026-09-05,WITHDRAWAL,1135.39,CAD,FUEL,REVERSED,2026-10-01 23:47:00
T00001080,A000300,2026-09-10,PAYMENT,1033.13,CAD,UTILITIES,PENDING,2026-10-02 00:40:00
T00001081,A000061,2026-09-20,TRANSFER,2623.58,CAD,TRAVEL,REVERSED,2026-10-01 21:28:00
T00001082,A000153,2026-09-08,FEE,2708.59,CAD,RETAIL,POSTED,2026-10-01 23:21:00
T00001083,A000140,2026-09-03,WITHDRAWAL,1910.6,CAD,GROCERY,REVERSED,2026-10-02 18:10:00
T00001084,A000364,2026-10-02,PAYMENT,3793.51,USD,TRAVEL,POSTED,2026-10-01 23:38:00
T00001085,A000307,2026-09-24,TRANSFER,1210.26,CAD,RETAIL,REVERSED,2026-10-02 01:40:00
T00001086,A000054,2026-09-18,TRANSFER,4212.41,USD,RESTAURANT,PENDING,2026-10-02 13:42:00
T00001087,A000129,2026-09-23,PURCHASE,420.05,CAD,UTILITIES,REVERSED,2026-10-01 18:31:00
T00001088,A000114,2026-09-28,PURCHASE,3329.81,CAD,OTHER,REVERSED,2026-10-02 19:33:00
T00001089,A000342,2026-09-25,PURCHASE,215.3,CAD,TRAVEL,POSTED,2026-10-01 03:48:00
T00001090,A000123,2026-09-24,TRANSFER,2902.71,CAD,TRAVEL,REVERSED,2026-10-02 22:47:00
T00001091,A000021,2026-09-23,DEPOSIT,3237.21,USD,OTHER,REVERSED,2026-10-01 12:52:00
T00001092,A000322,2026-09-28,PURCHASE,3347.0,CAD,FUEL,POSTED,2026-10-01 20:21:00
T00001093,A000051,2026-09-19,PURCHASE,4603.75,USD,UTILITIES,REVERSED,2026-10-02 11:52:00
T00001094,A000350,2026-09-23,PAYMENT,1765.13,CAD,RESTAURANT,REVERSED,2026-10-01 10:29:00
T00001095,A000358,2026-09-17,PAYMENT,3844.21,CAD,FUEL,PENDING,2026-10-02 11:49:00
T00001096,A000089,2026-10-02,WITHDRAWAL,4283.95,CAD,RESTAURANT,POSTED,2026-10-02 09:06:00
T00001097,A000370,2026-09-06,WITHDRAWAL,3199.06,CAD,TRAVEL,REVERSED,2026-10-01 12:12:00
T00001098,A000136,2026-10-02,DEPOSIT,1756.22,CAD,RESTAURANT,POSTED,2026-10-01 10:01:00
T00001099,A000058,2026-09-13,FEE,2911.32,USD,UTILITIES,PENDING,2026-10-01 12:39:00
T00001100,A000357,2026-09-05,PURCHASE,997.1,CAD,UTILITIES,REVERSED,2026-10-02 04:45:00
T00001101,A000175,2026-09-23,DEPOSIT,1986.8,CAD,GROCERY,PENDING,2026-10-01 10:14:00
T00001102,A000227,2026-09-03,PAYMENT,1233.29,CAD,UTILITIES,PENDING,2026-10-01 15:14:00
T00001103,A000356,2026-09-15,PAYMENT,1230.53,CAD,RETAIL,POSTED,2026-10-01 00:18:00
T00001104,A000125,2026-09-02,DEPOSIT,4288.37,USD,OTHER,REVERSED,2026-10-02 17:35:00
T00001105,A000291,2026-09-13,FEE,2064.56,CAD,TRAVEL,REVERSED,2026-10-02 23:16:00
T00001106,A000362,2026-09-24,WITHDRAWAL,4018.11,USD,RETAIL,PENDING,2026-10-02 07:20:00
T00001107,A000277,2026-09-23,TRANSFER,389.82,CAD,FUEL,PENDING,2026-10-01 17:37:00
T00001108,A000066,2026-09-07,FEE,4905.15,CAD,UTILITIES,REVERSED,2026-10-02 03:51:00
T00001109,A000310,2026-09-15,TRANSFER,3601.93,CAD,UTILITIES,POSTED,2026-10-02 08:36:00
T00001110,A000028,2026-09-30,DEPOSIT,3095.94,CAD,TRAVEL,REVERSED,2026-10-01 05:01:00
T00001111,A000287,2026-09-29,PURCHASE,2797.19,USD,RESTAURANT,REVERSED,2026-10-01 02:43:00
T00001112,A000182,2026-09-05,WITHDRAWAL,4773.9,CAD,TRAVEL,PENDING,2026-10-01 22:38:00
T00001113,A000252,2026-09-28,PAYMENT,3522.57,USD,RETAIL,POSTED,2026-10-02 09:34:00
T00001114,A000357,2026-09-20,FEE,1656.01,CAD,OTHER,REVERSED,2026-10-01 17:43:00
T00001115,A000301,2026-09-21,FEE,4314.36,CAD,GROCERY,PENDING,2026-10-01 02:39:00
T00001116,A000033,2026-09-27,TRANSFER,3653.25,USD,FUEL,POSTED,2026-10-01 05:01:00
T00001117,A000333,2026-10-02,WITHDRAWAL,3644.69,USD,GROCERY,POSTED,2026-10-02 18:44:00
T00001118,A000351,2026-09-25,DEPOSIT,4025.55,CAD,UTILITIES,REVERSED,2026-10-01 10:11:00
T00001119,A000050,2026-09-20,TRANSFER,1779.01,CAD,RETAIL,PENDING,2026-10-02 02:11:00
T00001120,A000134,2026-09-26,WITHDRAWAL,1007.03,CAD,UTILITIES,POSTED,2026-10-02 14:48:00
T00001121,A000049,2026-09-17,FEE,106.9,USD,GROCERY,POSTED,2026-10-02 03:10:00
T00001122,A000001,2026-09-01,DEPOSIT,28.28,CAD,RESTAURANT,POSTED,2026-10-02 02:11:00
T00001123,A000097,2026-10-02,PAYMENT,913.02,CAD,RESTAURANT,POSTED,2026-10-01 19:23:00
T00001124,A000294,2026-09-12,TRANSFER,4457.73,CAD,OTHER,POSTED,2026-10-01 14:01:00
T00001125,A000319,2026-09-03,PURCHASE,4676.79,CAD,OTHER,PENDING,2026-10-02 03:22:00
T00001126,A000350,2026-09-12,PAYMENT,2952.58,CAD,GROCERY,REVERSED,2026-10-01 19:09:00
T00001127,A000314,2026-09-22,TRANSFER,4689.4,CAD,TRAVEL,REVERSED,2026-10-02 03:42:00
T00001128,A000284,2026-09-05,WITHDRAWAL,1695.03,USD,FUEL,POSTED,2026-10-02 06:50:00
T00001129,A000207,2026-09-03,DEPOSIT,1794.82,USD,OTHER,POSTED,2026-10-01 21:41:00
T00001130,A000165,2026-09-26,TRANSFER,3785.83,CAD,FUEL,PENDING,2026-10-02 04:28:00
T00001131,A000102,2026-09-19,DEPOSIT,4721.52,CAD,RETAIL,REVERSED,2026-09-20 10:00:00
T00001132,A000013,2026-10-02,FEE,526.07,CAD,RETAIL,REVERSED,2026-10-02 15:50:00
T00001133,A000148,2026-09-04,PURCHASE,2640.11,USD,FUEL,POSTED,2026-10-02 18:47:00
T00001134,A000293,2026-09-12,TRANSFER,3206.46,USD,GROCERY,POSTED,2026-10-01 09:24:00
T00001135,A000097,2026-09-23,PURCHASE,4821.11,CAD,OTHER,REVERSED,2026-10-01 16:23:00
T00001136,A000349,2026-09-03,PURCHASE,4553.76,USD,RETAIL,POSTED,2026-10-01 22:20:00
T00001137,A000038,2026-09-14,FEE,2478.9,USD,UTILITIES,POSTED,2026-10-01 12:13:00
T00001138,A000353,2026-09-08,PURCHASE,4621.94,CAD,FUEL,PENDING,2026-10-01 12:52:00
T00001139,A000117,2026-09-24,DEPOSIT,4588.33,CAD,GROCERY,POSTED,2026-10-01 19:15:00
T00001140,A000319,2026-09-17,DEPOSIT,4410.31,CAD,UTILITIES,PENDING,2026-10-01 20:47:00
T00001141,A000140,2026-09-27,DEPOSIT,3452.95,CAD,OTHER,REVERSED,2026-10-02 08:53:00
T00001142,A000098,2026-10-02,PURCHASE,1270.86,CAD,UTILITIES,REVERSED,2026-10-01 22:49:00
T00001143,A000230,2026-09-09,PAYMENT,3316.5,USD,GROCERY,POSTED,2026-10-01 05:57:00
T00001144,A000251,2026-09-05,WITHDRAWAL,920.88,CAD,FUEL,PENDING,2026-10-02 09:34:00
T00001145,A000147,2026-09-19,WITHDRAWAL,4278.26,USD,GROCERY,POSTED,2026-10-02 06:05:00
T00001146,A000285,2026-10-02,FEE,1007.94,CAD,GROCERY,REVERSED,2026-10-02 03:07:00
T00001147,A000118,2026-09-03,PAYMENT,4166.31,USD,GROCERY,POSTED,2026-10-01 13:39:00
T00001148,A000190,2026-09-29,DEPOSIT,3693.04,USD,TRAVEL,POSTED,2026-10-01 06:46:00
T00001149,A000163,2026-09-03,PAYMENT,2846.16,CAD,RESTAURANT,PENDING,2026-10-01 11:29:00
T00001150,A000103,2026-09-04,PAYMENT,1959.6,CAD,RESTAURANT,POSTED,2026-10-01 05:40:00
T00001151,A000100,2026-09-22,DEPOSIT,3291.77,CAD,GROCERY,REVERSED,2026-10-01 07:38:00
T00001152,A000271,2026-09-19,PAYMENT,2786.48,CAD,TRAVEL,PENDING,2026-10-01 03:43:00
T00001153,A000034,2026-09-27,PURCHASE,2592.65,CAD,TRAVEL,POSTED,2026-10-02 11:02:00
T00001154,A000074,2026-09-07,PURCHASE,3423.16,CAD,RETAIL,POSTED,2026-10-01 12:49:00
T00001155,A000291,2026-09-08,TRANSFER,4285.73,CAD,GROCERY,POSTED,2026-10-01 20:52:00
T00001156,A000244,2026-09-25,FEE,1415.93,CAD,RETAIL,REVERSED,2026-10-01 21:31:00
T00001157,A000314,2026-09-17,TRANSFER,1729.01,CAD,RETAIL,REVERSED,2026-10-01 14:34:00
T00001158,A000185,2026-09-15,TRANSFER,726.31,USD,UTILITIES,POSTED,2026-10-02 08:56:00
T00001159,A000083,2026-09-24,DEPOSIT,3701.33,CAD,OTHER,PENDING,2026-10-01 01:29:00
T00001160,A000211,2026-09-15,PAYMENT,4937.51,CAD,OTHER,PENDING,2026-10-01 12:26:00
T00001161,A000214,2026-09-30,DEPOSIT,3668.58,CAD,RETAIL,REVERSED,2026-10-02 10:20:00
T00001162,A000341,2026-09-26,FEE,669.91,CAD,FUEL,POSTED,2026-10-01 22:12:00
T00001163,A000292,2026-09-13,TRANSFER,4740.28,USD,UTILITIES,PENDING,2026-10-02 17:55:00
T00001164,A000210,2026-09-24,PAYMENT,3221.78,CAD,RETAIL,POSTED,2026-10-02 03:34:00
T00001165,A000334,2026-09-29,FEE,1505.1,USD,RETAIL,POSTED,2026-10-01 06:21:00
T00001166,A000283,2026-09-11,FEE,3299.96,USD,RETAIL,POSTED,2026-10-02 00:44:00
T00001167,A000106,2026-09-25,PAYMENT,2839.13,USD,RESTAURANT,POSTED,2026-10-02 18:50:00
T00001168,A000102,2026-09-10,DEPOSIT,2059.39,CAD,FUEL,POSTED,2026-10-02 10:39:00
T00001169,A000314,2026-09-03,PURCHASE,3382.57,CAD,GROCERY,POSTED,2026-10-01 01:21:00
T00001170,A000047,2026-09-21,WITHDRAWAL,4658.16,USD,FUEL,POSTED,2026-10-01 09:53:00
T00001171,A000034,2026-09-24,WITHDRAWAL,3118.04,CAD,TRAVEL,REVERSED,2026-10-02 10:45:00
T00001172,A000090,2026-09-19,FEE,1519.69,CAD,FUEL,POSTED,2026-10-01 13:07:00
T00001173,A000273,2026-09-27,FEE,795.61,CAD,UTILITIES,REVERSED,2026-10-02 22:54:00
T00001174,A000128,2026-09-08,PAYMENT,3321.03,CAD,RETAIL,POSTED,2026-10-01 04:56:00
T00001175,A000196,2026-10-01,PAYMENT,1899.95,CAD,OTHER,POSTED,2026-10-02 14:37:00
T00001176,A000293,2026-09-12,PURCHASE,2239.43,USD,RETAIL,PENDING,2026-10-02 02:56:00
T00001177,A000190,2026-09-05,FEE,890.29,USD,RESTAURANT,REVERSED,2026-10-01 03:59:00
T00001178,A000343,2026-09-13,WITHDRAWAL,4808.07,CAD,RESTAURANT,POSTED,2026-10-02 19:51:00
T00001179,A000254,2026-09-02,FEE,3111.2,USD,RETAIL,POSTED,2026-10-02 08:12:00
T00001180,A000263,2026-09-18,PURCHASE,4910.27,CAD,RETAIL,PENDING,2026-10-01 01:41:00
T00001181,A000123,2026-09-20,DEPOSIT,1319.25,CAD,RESTAURANT,POSTED,2026-10-02 23:48:00
T00001182,A000337,2026-09-30,WITHDRAWAL,3298.76,CAD,TRAVEL,POSTED,2026-10-01 19:00:00
T00001183,A000377,2026-09-02,PAYMENT,1517.04,CAD,RETAIL,REVERSED,2026-10-02 01:44:00
T00001184,A000345,2026-09-18,WITHDRAWAL,3485.8,USD,RESTAURANT,REVERSED,2026-10-02 22:21:00
T00001185,A000068,2026-09-23,FEE,3596.99,CAD,FUEL,REVERSED,2026-10-02 08:05:00
T00001186,A000231,2026-09-06,WITHDRAWAL,4028.35,CAD,OTHER,POSTED,2026-10-01 04:51:00
T00001187,A000055,2026-09-16,WITHDRAWAL,376.7,CAD,GROCERY,POSTED,2026-10-01 02:55:00
T00001188,A000039,2026-09-01,TRANSFER,3616.92,USD,OTHER,PENDING,2026-10-01 04:37:00
T00001189,A000321,2026-09-30,WITHDRAWAL,3156.86,CAD,OTHER,POSTED,2026-10-01 01:45:00
T00001190,A000072,2026-09-13,PURCHASE,4590.42,CAD,FUEL,POSTED,2026-10-01 00:27:00
T00001191,A000352,2026-09-15,TRANSFER,1055.04,USD,GROCERY,REVERSED,2026-10-02 20:33:00
T00001192,A000099,2026-10-01,TRANSFER,4088.67,USD,RETAIL,POSTED,2026-10-02 09:46:00
T00001193,A000347,2026-09-04,FEE,2215.37,CAD,GROCERY,POSTED,2026-10-01 06:16:00
T00001194,A000074,2026-09-13,TRANSFER,3501.34,CAD,OTHER,POSTED,2026-10-01 05:54:00
T00001195,A000165,2026-09-15,TRANSFER,816.31,CAD,OTHER,PENDING,2026-10-02 16:40:00
T00001196,A000147,2026-09-14,WITHDRAWAL,2135.48,USD,UTILITIES,POSTED,2026-10-01 20:56:00
T00001197,A000350,2026-09-17,PAYMENT,1410.84,CAD,GROCERY,POSTED,2026-10-01 15:22:00
T00001198,A000376,2026-09-04,DEPOSIT,3101.13,CAD,GROCERY,REVERSED,2026-10-01 23:43:00
T00001199,A000046,2026-09-21,WITHDRAWAL,2942.75,CAD,UTILITIES,POSTED,2026-10-02 23:53:00
T00001200,A000164,2026-09-29,DEPOSIT,1793.77,CAD,RESTAURANT,REVERSED,2026-10-02 15:20:00
